title,text,subject,date
Report: The supreme court's ruling on a long-running constitutional case,"Officials confirmed on Monday that the supreme court's ruling on a long-running constitutional case will move forward after months of deliberation. According to a statement released by the relevant department, the decision was reached following extensive consultation with stakeholders and independent experts. Analysts say the move reflects a broader effort to address long-standing concerns raised by the public and industry groups alike. The department added that further details would be released in the coming weeks, and that an implementation timeline would be published once final approvals are completed. Representatives from opposing parties offered measured responses, with several requesting additional clarification before the next session.",businessNews,"February 22, 2017"
Report: The parliamentary vote on the proposed infrastructure bill,"A report published on Friday detailed the findings related to the parliamentary vote on the proposed infrastructure bill, noting that the data had been reviewed by multiple independent analysts prior to release. The report's authors emphasized that the conclusions were based on verified figures collected over several months, and cautioned against drawing premature conclusions without considering the full context of the underlying data. Spokespersons for several agencies confirmed the accuracy of the figures in separate statements to reporters, and said they welcomed continued scrutiny of the methodology used.",businessNews,"Thursday, 2017"
Report: The supreme court's ruling on a long-running constitutional case,"Officials confirmed on December 21 that the supreme court's ruling on a long-running constitutional case will move forward after months of deliberation. According to a statement released by the relevant department, the decision was reached following extensive consultation with stakeholders and independent experts. Analysts say the move reflects a broader effort to address long-standing concerns raised by the public and industry groups alike. The department added that further details would be released in the coming weeks, and that an implementation timeline would be published once final approvals are completed. Representatives from opposing parties offered measured responses, with several requesting additional clarification before the next session.",worldnews,"Tuesday, 2017"
Report: The central bank's interest rate decision,"Officials confirmed on Sunday that the central bank's interest rate decision will move forward after months of deliberation. According to a statement released by the relevant department, the decision was reached following extensive consultation with stakeholders and independent experts. Analysts say the move reflects a broader effort to address long-standing concerns raised by the public and industry groups alike. The department added that further details would be released in the coming weeks, and that an implementation timeline would be published once final approvals are completed. Representatives from opposing parties offered measured responses, with several requesting additional clarification before the next session.",politicsNews,"October 18, 2017"
Report: The health ministry's updated vaccination guidelines,"Officials confirmed on November 2 that the health ministry's updated vaccination guidelines will move forward after months of deliberation. According to a statement released by the relevant department, the decision was reached following extensive consultation with stakeholders and independent experts. Analysts say the move reflects a broader effort to address long-standing concerns raised by the public and industry groups alike. The department added that further details would be released in the coming weeks, and that an implementation timeline would be published once final approvals are completed. Representatives from opposing parties offered measured responses, with several requesting additional clarification before the next session.",politicsNews,"November 2, 2017"
Report: The results of the national census,"A report published on August 11 detailed the findings related to the results of the national census, noting that the data had been reviewed by multiple independent analysts prior to release. The report's authors emphasized that the conclusions were based on verified figures collected over several months, and cautioned against drawing premature conclusions without considering the full context of the underlying data. Spokespersons for several agencies confirmed the accuracy of the figures in separate statements to reporters, and said they welcomed continued scrutiny of the methodology used.",businessNews,"February 22, 2017"
Report: A joint statement issued after the regional summit,"Officials confirmed on Saturday that a joint statement issued after the regional summit will move forward after months of deliberation. According to a statement released by the relevant department, the decision was reached following extensive consultation with stakeholders and independent experts. Analysts say the move reflects a broader effort to address long-standing concerns raised by the public and industry groups alike. The department added that further details would be released in the coming weeks, and that an implementation timeline would be published once final approvals are completed. Representatives from opposing parties offered measured responses, with several requesting additional clarification before the next session.",businessNews,"July 26, 2017"
Report: Ongoing diplomatic talks aimed at easing regional tensions,"Government representatives announced on Friday that ongoing diplomatic talks aimed at easing regional tensions had been finalized after a series of negotiations that spanned several weeks. In a joint press briefing, officials outlined the next steps and answered questions from journalists regarding implementation and oversight. Independent observers noted that the process had followed standard procedural guidelines, and several policy analysts said the outcome was consistent with expectations based on prior public statements.",politicsNews,"April 30, 2017"
Report: The latest unemployment figures released by the labor department,"Officials confirmed on June 3 that the latest unemployment figures released by the labor department will move forward after months of deliberation. According to a statement released by the relevant department, the decision was reached following extensive consultation with stakeholders and independent experts. Analysts say the move reflects a broader effort to address long-standing concerns raised by the public and industry groups alike. The department added that further details would be released in the coming weeks, and that an implementation timeline would be published once final approvals are completed. Representatives from opposing parties offered measured responses, with several requesting additional clarification before the next session.",politicsNews,"May 17, 2017"
Report: The central election commission's certification of results,"Government representatives announced on February 22 that the central election commission's certification of results had been finalized after a series of negotiations that spanned several weeks. In a joint press briefing, officials outlined the next steps and answered questions from journalists regarding implementation and oversight. Independent observers noted that the process had followed standard procedural guidelines, and several policy analysts said the outcome was consistent with expectations based on prior public statements.",politicsNews,"August 11, 2017"
Report: The city council's approval of a new public transit expansion,"Officials confirmed on June 3 that the city council's approval of a new public transit expansion will move forward after months of deliberation. According to a statement released by the relevant department, the decision was reached following extensive consultation with stakeholders and independent experts. Analysts say the move reflects a broader effort to address long-standing concerns raised by the public and industry groups alike. The department added that further details would be released in the coming weeks, and that an implementation timeline would be published once final approvals are completed. Representatives from opposing parties offered measured responses, with several requesting additional clarification before the next session.",politicsNews,"November 2, 2017"
Report: The quarterly earnings report from a major technology company,"Government representatives announced on December 21 that the quarterly earnings report from a major technology company had been finalized after a series of negotiations that spanned several weeks. In a joint press briefing, officials outlined the next steps and answered questions from journalists regarding implementation and oversight. Independent observers noted that the process had followed standard procedural guidelines, and several policy analysts said the outcome was consistent with expectations based on prior public statements.",politicsNews,"Wednesday, 2017"
Report: The central bank's interest rate decision,"A report published on March 9 detailed the findings related to the central bank's interest rate decision, noting that the data had been reviewed by multiple independent analysts prior to release. The report's authors emphasized that the conclusions were based on verified figures collected over several months, and cautioned against drawing premature conclusions without considering the full context of the underlying data. Spokespersons for several agencies confirmed the accuracy of the figures in separate statements to reporters, and said they welcomed continued scrutiny of the methodology used.",politicsNews,"January 14, 2017"
Report: The central election commission's certification of results,"Officials confirmed on June 3 that the central election commission's certification of results will move forward after months of deliberation. According to a statement released by the relevant department, the decision was reached following extensive consultation with stakeholders and independent experts. Analysts say the move reflects a broader effort to address long-standing concerns raised by the public and industry groups alike. The department added that further details would be released in the coming weeks, and that an implementation timeline would be published once final approvals are completed. Representatives from opposing parties offered measured responses, with several requesting additional clarification before the next session.",worldnews,"August 11, 2017"
Report: The supreme court's ruling on a long-running constitutional case,"Government representatives announced on Saturday that the supreme court's ruling on a long-running constitutional case had been finalized after a series of negotiations that spanned several weeks. In a joint press briefing, officials outlined the next steps and answered questions from journalists regarding implementation and oversight. Independent observers noted that the process had followed standard procedural guidelines, and several policy analysts said the outcome was consistent with expectations based on prior public statements.",worldnews,"May 17, 2017"
Report: The parliamentary vote on the proposed infrastructure bill,"Government representatives announced on Wednesday that the parliamentary vote on the proposed infrastructure bill had been finalized after a series of negotiations that spanned several weeks. In a joint press briefing, officials outlined the next steps and answered questions from journalists regarding implementation and oversight. Independent observers noted that the process had followed standard procedural guidelines, and several policy analysts said the outcome was consistent with expectations based on prior public statements.",businessNews,"Saturday, 2017"
Report: The city council's approval of a new public transit expansion,"A report published on Saturday detailed the findings related to the city council's approval of a new public transit expansion, noting that the data had been reviewed by multiple independent analysts prior to release. The report's authors emphasized that the conclusions were based on verified figures collected over several months, and cautioned against drawing premature conclusions without considering the full context of the underlying data. Spokespersons for several agencies confirmed the accuracy of the figures in separate statements to reporters, and said they welcomed continued scrutiny of the methodology used.",worldnews,"June 3, 2017"
Report: The quarterly earnings report from a major technology company,"A report published on April 30 detailed the findings related to the quarterly earnings report from a major technology company, noting that the data had been reviewed by multiple independent analysts prior to release. The report's authors emphasized that the conclusions were based on verified figures collected over several months, and cautioned against drawing premature conclusions without considering the full context of the underlying data. Spokespersons for several agencies confirmed the accuracy of the figures in separate statements to reporters, and said they welcomed continued scrutiny of the methodology used.",politicsNews,"January 14, 2017"
Report: The central election commission's certification of results,"Officials confirmed on April 30 that the central election commission's certification of results will move forward after months of deliberation. According to a statement released by the relevant department, the decision was reached following extensive consultation with stakeholders and independent experts. Analysts say the move reflects a broader effort to address long-standing concerns raised by the public and industry groups alike. The department added that further details would be released in the coming weeks, and that an implementation timeline would be published once final approvals are completed. Representatives from opposing parties offered measured responses, with several requesting additional clarification before the next session.",worldnews,"February 22, 2017"
Report: The latest unemployment figures released by the labor department,"A report published on December 21 detailed the findings related to the latest unemployment figures released by the labor department, noting that the data had been reviewed by multiple independent analysts prior to release. The report's authors emphasized that the conclusions were based on verified figures collected over several months, and cautioned against drawing premature conclusions without considering the full context of the underlying data. Spokespersons for several agencies confirmed the accuracy of the figures in separate statements to reporters, and said they welcomed continued scrutiny of the methodology used.",businessNews,"April 30, 2017"
Report: The parliamentary vote on the proposed infrastructure bill,"According to documents reviewed by reporters, the parliamentary vote on the proposed infrastructure bill is expected to proceed as scheduled following approval on June 3. The relevant authority stated that all procedural requirements had been met, and that a formal announcement would follow once remaining administrative steps were completed. Several experts interviewed for this report said the development was in line with broader trends observed over the past year, while cautioning that final figures could be subject to revision.",businessNews,"August 11, 2017"
Report: A new trade agreement signed between two countries,"Government representatives announced on Friday that a new trade agreement signed between two countries had been finalized after a series of negotiations that spanned several weeks. In a joint press briefing, officials outlined the next steps and answered questions from journalists regarding implementation and oversight. Independent observers noted that the process had followed standard procedural guidelines, and several policy analysts said the outcome was consistent with expectations based on prior public statements.",politicsNews,"November 2, 2017"
Report: The city council's approval of a new public transit expansion,"Government representatives announced on December 21 that the city council's approval of a new public transit expansion had been finalized after a series of negotiations that spanned several weeks. In a joint press briefing, officials outlined the next steps and answered questions from journalists regarding implementation and oversight. Independent observers noted that the process had followed standard procedural guidelines, and several policy analysts said the outcome was consistent with expectations based on prior public statements.",worldnews,"December 21, 2017"
Report: The results of the national census,"Government representatives announced on January 14 that the results of the national census had been finalized after a series of negotiations that spanned several weeks. In a joint press briefing, officials outlined the next steps and answered questions from journalists regarding implementation and oversight. Independent observers noted that the process had followed standard procedural guidelines, and several policy analysts said the outcome was consistent with expectations based on prior public statements.",politicsNews,"October 18, 2017"
Report: A newly published peer-reviewed study on climate trends,"Officials confirmed on Tuesday that a newly published peer-reviewed study on climate trends will move forward after months of deliberation. According to a statement released by the relevant department, the decision was reached following extensive consultation with stakeholders and independent experts. Analysts say the move reflects a broader effort to address long-standing concerns raised by the public and industry groups alike. The department added that further details would be released in the coming weeks, and that an implementation timeline would be published once final approvals are completed. Representatives from opposing parties offered measured responses, with several requesting additional clarification before the next session.",politicsNews,"Friday, 2017"
Report: The supreme court's ruling on a long-running constitutional case,"A report published on July 26 detailed the findings related to the supreme court's ruling on a long-running constitutional case, noting that the data had been reviewed by multiple independent analysts prior to release. The report's authors emphasized that the conclusions were based on verified figures collected over several months, and cautioned against drawing premature conclusions without considering the full context of the underlying data. Spokespersons for several agencies confirmed the accuracy of the figures in separate statements to reporters, and said they welcomed continued scrutiny of the methodology used.",businessNews,"Wednesday, 2017"
Report: The results of the national census,"According to documents reviewed by reporters, the results of the national census is expected to proceed as scheduled following approval on August 11. The relevant authority stated that all procedural requirements had been met, and that a formal announcement would follow once remaining administrative steps were completed. Several experts interviewed for this report said the development was in line with broader trends observed over the past year, while cautioning that final figures could be subject to revision.",businessNews,"February 22, 2017"
Report: The city council's approval of a new public transit expansion,"Officials confirmed on Thursday that the city council's approval of a new public transit expansion will move forward after months of deliberation. According to a statement released by the relevant department, the decision was reached following extensive consultation with stakeholders and independent experts. Analysts say the move reflects a broader effort to address long-standing concerns raised by the public and industry groups alike. The department added that further details would be released in the coming weeks, and that an implementation timeline would be published once final approvals are completed. Representatives from opposing parties offered measured responses, with several requesting additional clarification before the next session.",businessNews,"November 2, 2017"
Report: A joint statement issued after the regional summit,"Government representatives announced on April 30 that a joint statement issued after the regional summit had been finalized after a series of negotiations that spanned several weeks. In a joint press briefing, officials outlined the next steps and answered questions from journalists regarding implementation and oversight. Independent observers noted that the process had followed standard procedural guidelines, and several policy analysts said the outcome was consistent with expectations based on prior public statements.",politicsNews,"March 9, 2017"
Report: The results of the national census,"A report published on August 11 detailed the findings related to the results of the national census, noting that the data had been reviewed by multiple independent analysts prior to release. The report's authors emphasized that the conclusions were based on verified figures collected over several months, and cautioned against drawing premature conclusions without considering the full context of the underlying data. Spokespersons for several agencies confirmed the accuracy of the figures in separate statements to reporters, and said they welcomed continued scrutiny of the methodology used.",politicsNews,"February 22, 2017"
Report: The city council's approval of a new public transit expansion,"A report published on October 18 detailed the findings related to the city council's approval of a new public transit expansion, noting that the data had been reviewed by multiple independent analysts prior to release. The report's authors emphasized that the conclusions were based on verified figures collected over several months, and cautioned against drawing premature conclusions without considering the full context of the underlying data. Spokespersons for several agencies confirmed the accuracy of the figures in separate statements to reporters, and said they welcomed continued scrutiny of the methodology used.",politicsNews,"March 9, 2017"
Report: The central election commission's certification of results,"A report published on Friday detailed the findings related to the central election commission's certification of results, noting that the data had been reviewed by multiple independent analysts prior to release. The report's authors emphasized that the conclusions were based on verified figures collected over several months, and cautioned against drawing premature conclusions without considering the full context of the underlying data. Spokespersons for several agencies confirmed the accuracy of the figures in separate statements to reporters, and said they welcomed continued scrutiny of the methodology used.",worldnews,"Saturday, 2017"
Report: The city council's approval of a new public transit expansion,"Officials confirmed on April 30 that the city council's approval of a new public transit expansion will move forward after months of deliberation. According to a statement released by the relevant department, the decision was reached following extensive consultation with stakeholders and independent experts. Analysts say the move reflects a broader effort to address long-standing concerns raised by the public and industry groups alike. The department added that further details would be released in the coming weeks, and that an implementation timeline would be published once final approvals are completed. Representatives from opposing parties offered measured responses, with several requesting additional clarification before the next session.",worldnews,"Monday, 2017"
Report: The latest unemployment figures released by the labor department,"Government representatives announced on March 9 that the latest unemployment figures released by the labor department had been finalized after a series of negotiations that spanned several weeks. In a joint press briefing, officials outlined the next steps and answered questions from journalists regarding implementation and oversight. Independent observers noted that the process had followed standard procedural guidelines, and several policy analysts said the outcome was consistent with expectations based on prior public statements.",politicsNews,"Tuesday, 2017"
Report: The parliamentary vote on the proposed infrastructure bill,"Officials confirmed on Wednesday that the parliamentary vote on the proposed infrastructure bill will move forward after months of deliberation. According to a statement released by the relevant department, the decision was reached following extensive consultation with stakeholders and independent experts. Analysts say the move reflects a broader effort to address long-standing concerns raised by the public and industry groups alike. The department added that further details would be released in the coming weeks, and that an implementation timeline would be published once final approvals are completed. Representatives from opposing parties offered measured responses, with several requesting additional clarification before the next session.",businessNews,"September 5, 2017"
Report: The central election commission's certification of results,"Officials confirmed on November 2 that the central election commission's certification of results will move forward after months of deliberation. According to a statement released by the relevant department, the decision was reached following extensive consultation with stakeholders and independent experts. Analysts say the move reflects a broader effort to address long-standing concerns raised by the public and industry groups alike. The department added that further details would be released in the coming weeks, and that an implementation timeline would be published once final approvals are completed. Representatives from opposing parties offered measured responses, with several requesting additional clarification before the next session.",politicsNews,"Friday, 2017"
Report: The supreme court's ruling on a long-running constitutional case,"According to documents reviewed by reporters, the supreme court's ruling on a long-running constitutional case is expected to proceed as scheduled following approval on November 2. The relevant authority stated that all procedural requirements had been met, and that a formal announcement would follow once remaining administrative steps were completed. Several experts interviewed for this report said the development was in line with broader trends observed over the past year, while cautioning that final figures could be subject to revision.",politicsNews,"February 22, 2017"
Report: The city council's approval of a new public transit expansion,"According to documents reviewed by reporters, the city council's approval of a new public transit expansion is expected to proceed as scheduled following approval on Sunday. The relevant authority stated that all procedural requirements had been met, and that a formal announcement would follow once remaining administrative steps were completed. Several experts interviewed for this report said the development was in line with broader trends observed over the past year, while cautioning that final figures could be subject to revision.",businessNews,"Sunday, 2017"
Report: The finance minister's budget announcement for the upcoming fiscal year,"Government representatives announced on June 3 that the finance minister's budget announcement for the upcoming fiscal year had been finalized after a series of negotiations that spanned several weeks. In a joint press briefing, officials outlined the next steps and answered questions from journalists regarding implementation and oversight. Independent observers noted that the process had followed standard procedural guidelines, and several policy analysts said the outcome was consistent with expectations based on prior public statements.",businessNews,"May 17, 2017"
Report: A newly published peer-reviewed study on climate trends,"According to documents reviewed by reporters, a newly published peer-reviewed study on climate trends is expected to proceed as scheduled following approval on Thursday. The relevant authority stated that all procedural requirements had been met, and that a formal announcement would follow once remaining administrative steps were completed. Several experts interviewed for this report said the development was in line with broader trends observed over the past year, while cautioning that final figures could be subject to revision.",politicsNews,"January 14, 2017"
Report: The latest unemployment figures released by the labor department,"Government representatives announced on Monday that the latest unemployment figures released by the labor department had been finalized after a series of negotiations that spanned several weeks. In a joint press briefing, officials outlined the next steps and answered questions from journalists regarding implementation and oversight. Independent observers noted that the process had followed standard procedural guidelines, and several policy analysts said the outcome was consistent with expectations based on prior public statements.",businessNews,"November 2, 2017"
Report: The parliamentary vote on the proposed infrastructure bill,"A report published on Monday detailed the findings related to the parliamentary vote on the proposed infrastructure bill, noting that the data had been reviewed by multiple independent analysts prior to release. The report's authors emphasized that the conclusions were based on verified figures collected over several months, and cautioned against drawing premature conclusions without considering the full context of the underlying data. Spokespersons for several agencies confirmed the accuracy of the figures in separate statements to reporters, and said they welcomed continued scrutiny of the methodology used.",politicsNews,"Tuesday, 2017"
Report: The parliamentary vote on the proposed infrastructure bill,"Officials confirmed on Tuesday that the parliamentary vote on the proposed infrastructure bill will move forward after months of deliberation. According to a statement released by the relevant department, the decision was reached following extensive consultation with stakeholders and independent experts. Analysts say the move reflects a broader effort to address long-standing concerns raised by the public and industry groups alike. The department added that further details would be released in the coming weeks, and that an implementation timeline would be published once final approvals are completed. Representatives from opposing parties offered measured responses, with several requesting additional clarification before the next session.",worldnews,"Wednesday, 2017"
Report: The city council's approval of a new public transit expansion,"A report published on February 22 detailed the findings related to the city council's approval of a new public transit expansion, noting that the data had been reviewed by multiple independent analysts prior to release. The report's authors emphasized that the conclusions were based on verified figures collected over several months, and cautioned against drawing premature conclusions without considering the full context of the underlying data. Spokespersons for several agencies confirmed the accuracy of the figures in separate statements to reporters, and said they welcomed continued scrutiny of the methodology used.",businessNews,"September 5, 2017"
Report: The parliamentary vote on the proposed infrastructure bill,"A report published on December 21 detailed the findings related to the parliamentary vote on the proposed infrastructure bill, noting that the data had been reviewed by multiple independent analysts prior to release. The report's authors emphasized that the conclusions were based on verified figures collected over several months, and cautioned against drawing premature conclusions without considering the full context of the underlying data. Spokespersons for several agencies confirmed the accuracy of the figures in separate statements to reporters, and said they welcomed continued scrutiny of the methodology used.",businessNews,"September 5, 2017"
Report: The parliamentary vote on the proposed infrastructure bill,"According to documents reviewed by reporters, the parliamentary vote on the proposed infrastructure bill is expected to proceed as scheduled following approval on July 26. The relevant authority stated that all procedural requirements had been met, and that a formal announcement would follow once remaining administrative steps were completed. Several experts interviewed for this report said the development was in line with broader trends observed over the past year, while cautioning that final figures could be subject to revision.",politicsNews,"Thursday, 2017"
Report: The latest unemployment figures released by the labor department,"According to documents reviewed by reporters, the latest unemployment figures released by the labor department is expected to proceed as scheduled following approval on May 17. The relevant authority stated that all procedural requirements had been met, and that a formal announcement would follow once remaining administrative steps were completed. Several experts interviewed for this report said the development was in line with broader trends observed over the past year, while cautioning that final figures could be subject to revision.",worldnews,"July 26, 2017"
Report: A newly published peer-reviewed study on climate trends,"Officials confirmed on Thursday that a newly published peer-reviewed study on climate trends will move forward after months of deliberation. According to a statement released by the relevant department, the decision was reached following extensive consultation with stakeholders and independent experts. Analysts say the move reflects a broader effort to address long-standing concerns raised by the public and industry groups alike. The department added that further details would be released in the coming weeks, and that an implementation timeline would be published once final approvals are completed. Representatives from opposing parties offered measured responses, with several requesting additional clarification before the next session.",politicsNews,"June 3, 2017"
Report: The finance minister's budget announcement for the upcoming fiscal year,"Government representatives announced on Thursday that the finance minister's budget announcement for the upcoming fiscal year had been finalized after a series of negotiations that spanned several weeks. In a joint press briefing, officials outlined the next steps and answered questions from journalists regarding implementation and oversight. Independent observers noted that the process had followed standard procedural guidelines, and several policy analysts said the outcome was consistent with expectations based on prior public statements.",politicsNews,"Sunday, 2017"
Report: The parliamentary vote on the proposed infrastructure bill,"According to documents reviewed by reporters, the parliamentary vote on the proposed infrastructure bill is expected to proceed as scheduled following approval on Friday. The relevant authority stated that all procedural requirements had been met, and that a formal announcement would follow once remaining administrative steps were completed. Several experts interviewed for this report said the development was in line with broader trends observed over the past year, while cautioning that final figures could be subject to revision.",worldnews,"Saturday, 2017"
Report: The quarterly earnings report from a major technology company,"According to documents reviewed by reporters, the quarterly earnings report from a major technology company is expected to proceed as scheduled following approval on January 14. The relevant authority stated that all procedural requirements had been met, and that a formal announcement would follow once remaining administrative steps were completed. Several experts interviewed for this report said the development was in line with broader trends observed over the past year, while cautioning that final figures could be subject to revision.",politicsNews,"August 11, 2017"
Report: A joint statement issued after the regional summit,"Officials confirmed on Tuesday that a joint statement issued after the regional summit will move forward after months of deliberation. According to a statement released by the relevant department, the decision was reached following extensive consultation with stakeholders and independent experts. Analysts say the move reflects a broader effort to address long-standing concerns raised by the public and industry groups alike. The department added that further details would be released in the coming weeks, and that an implementation timeline would be published once final approvals are completed. Representatives from opposing parties offered measured responses, with several requesting additional clarification before the next session.",businessNews,"November 2, 2017"
Report: The central election commission's certification of results,"Officials confirmed on Wednesday that the central election commission's certification of results will move forward after months of deliberation. According to a statement released by the relevant department, the decision was reached following extensive consultation with stakeholders and independent experts. Analysts say the move reflects a broader effort to address long-standing concerns raised by the public and industry groups alike. The department added that further details would be released in the coming weeks, and that an implementation timeline would be published once final approvals are completed. Representatives from opposing parties offered measured responses, with several requesting additional clarification before the next session.",politicsNews,"Saturday, 2017"
Report: The results of the national census,"According to documents reviewed by reporters, the results of the national census is expected to proceed as scheduled following approval on September 5. The relevant authority stated that all procedural requirements had been met, and that a formal announcement would follow once remaining administrative steps were completed. Several experts interviewed for this report said the development was in line with broader trends observed over the past year, while cautioning that final figures could be subject to revision.",politicsNews,"June 3, 2017"
Report: A report from the national weather service regarding the storm system,"Officials confirmed on Saturday that a report from the national weather service regarding the storm system will move forward after months of deliberation. According to a statement released by the relevant department, the decision was reached following extensive consultation with stakeholders and independent experts. Analysts say the move reflects a broader effort to address long-standing concerns raised by the public and industry groups alike. The department added that further details would be released in the coming weeks, and that an implementation timeline would be published once final approvals are completed. Representatives from opposing parties offered measured responses, with several requesting additional clarification before the next session.",worldnews,"Monday, 2017"
Report: The results of the national census,"Government representatives announced on August 11 that the results of the national census had been finalized after a series of negotiations that spanned several weeks. In a joint press briefing, officials outlined the next steps and answered questions from journalists regarding implementation and oversight. Independent observers noted that the process had followed standard procedural guidelines, and several policy analysts said the outcome was consistent with expectations based on prior public statements.",worldnews,"July 26, 2017"
Report: The finance minister's budget announcement for the upcoming fiscal year,"According to documents reviewed by reporters, the finance minister's budget announcement for the upcoming fiscal year is expected to proceed as scheduled following approval on Friday. The relevant authority stated that all procedural requirements had been met, and that a formal announcement would follow once remaining administrative steps were completed. Several experts interviewed for this report said the development was in line with broader trends observed over the past year, while cautioning that final figures could be subject to revision.",politicsNews,"March 9, 2017"
Report: The parliamentary vote on the proposed infrastructure bill,"Officials confirmed on December 21 that the parliamentary vote on the proposed infrastructure bill will move forward after months of deliberation. According to a statement released by the relevant department, the decision was reached following extensive consultation with stakeholders and independent experts. Analysts say the move reflects a broader effort to address long-standing concerns raised by the public and industry groups alike. The department added that further details would be released in the coming weeks, and that an implementation timeline would be published once final approvals are completed. Representatives from opposing parties offered measured responses, with several requesting additional clarification before the next session.",businessNews,"November 2, 2017"
Report: The central bank's interest rate decision,"Government representatives announced on Tuesday that the central bank's interest rate decision had been finalized after a series of negotiations that spanned several weeks. In a joint press briefing, officials outlined the next steps and answered questions from journalists regarding implementation and oversight. Independent observers noted that the process had followed standard procedural guidelines, and several policy analysts said the outcome was consistent with expectations based on prior public statements.",politicsNews,"December 21, 2017"
Report: A newly published peer-reviewed study on climate trends,"A report published on Tuesday detailed the findings related to a newly published peer-reviewed study on climate trends, noting that the data had been reviewed by multiple independent analysts prior to release. The report's authors emphasized that the conclusions were based on verified figures collected over several months, and cautioned against drawing premature conclusions without considering the full context of the underlying data. Spokespersons for several agencies confirmed the accuracy of the figures in separate statements to reporters, and said they welcomed continued scrutiny of the methodology used.",businessNews,"Wednesday, 2017"
Report: The central election commission's certification of results,"A report published on Wednesday detailed the findings related to the central election commission's certification of results, noting that the data had been reviewed by multiple independent analysts prior to release. The report's authors emphasized that the conclusions were based on verified figures collected over several months, and cautioned against drawing premature conclusions without considering the full context of the underlying data. Spokespersons for several agencies confirmed the accuracy of the figures in separate statements to reporters, and said they welcomed continued scrutiny of the methodology used.",businessNews,"Wednesday, 2017"
Report: The supreme court's ruling on a long-running constitutional case,"A report published on June 3 detailed the findings related to the supreme court's ruling on a long-running constitutional case, noting that the data had been reviewed by multiple independent analysts prior to release. The report's authors emphasized that the conclusions were based on verified figures collected over several months, and cautioned against drawing premature conclusions without considering the full context of the underlying data. Spokespersons for several agencies confirmed the accuracy of the figures in separate statements to reporters, and said they welcomed continued scrutiny of the methodology used.",politicsNews,"December 21, 2017"
Report: The parliamentary vote on the proposed infrastructure bill,"Officials confirmed on Wednesday that the parliamentary vote on the proposed infrastructure bill will move forward after months of deliberation. According to a statement released by the relevant department, the decision was reached following extensive consultation with stakeholders and independent experts. Analysts say the move reflects a broader effort to address long-standing concerns raised by the public and industry groups alike. The department added that further details would be released in the coming weeks, and that an implementation timeline would be published once final approvals are completed. Representatives from opposing parties offered measured responses, with several requesting additional clarification before the next session.",worldnews,"December 21, 2017"
Report: The health ministry's updated vaccination guidelines,"Government representatives announced on February 22 that the health ministry's updated vaccination guidelines had been finalized after a series of negotiations that spanned several weeks. In a joint press briefing, officials outlined the next steps and answered questions from journalists regarding implementation and oversight. Independent observers noted that the process had followed standard procedural guidelines, and several policy analysts said the outcome was consistent with expectations based on prior public statements.",politicsNews,"April 30, 2017"
Report: The parliamentary vote on the proposed infrastructure bill,"Government representatives announced on June 3 that the parliamentary vote on the proposed infrastructure bill had been finalized after a series of negotiations that spanned several weeks. In a joint press briefing, officials outlined the next steps and answered questions from journalists regarding implementation and oversight. Independent observers noted that the process had followed standard procedural guidelines, and several policy analysts said the outcome was consistent with expectations based on prior public statements.",politicsNews,"March 9, 2017"
Report: A newly published peer-reviewed study on climate trends,"Government representatives announced on Wednesday that a newly published peer-reviewed study on climate trends had been finalized after a series of negotiations that spanned several weeks. In a joint press briefing, officials outlined the next steps and answered questions from journalists regarding implementation and oversight. Independent observers noted that the process had followed standard procedural guidelines, and several policy analysts said the outcome was consistent with expectations based on prior public statements.",politicsNews,"August 11, 2017"
Report: The health ministry's updated vaccination guidelines,"Officials confirmed on Wednesday that the health ministry's updated vaccination guidelines will move forward after months of deliberation. According to a statement released by the relevant department, the decision was reached following extensive consultation with stakeholders and independent experts. Analysts say the move reflects a broader effort to address long-standing concerns raised by the public and industry groups alike. The department added that further details would be released in the coming weeks, and that an implementation timeline would be published once final approvals are completed. Representatives from opposing parties offered measured responses, with several requesting additional clarification before the next session.",businessNews,"Sunday, 2017"
Report: The city council's approval of a new public transit expansion,"Government representatives announced on Friday that the city council's approval of a new public transit expansion had been finalized after a series of negotiations that spanned several weeks. In a joint press briefing, officials outlined the next steps and answered questions from journalists regarding implementation and oversight. Independent observers noted that the process had followed standard procedural guidelines, and several policy analysts said the outcome was consistent with expectations based on prior public statements.",worldnews,"Wednesday, 2017"
Report: A report from the national weather service regarding the storm system,"A report published on May 17 detailed the findings related to a report from the national weather service regarding the storm system, noting that the data had been reviewed by multiple independent analysts prior to release. The report's authors emphasized that the conclusions were based on verified figures collected over several months, and cautioned against drawing premature conclusions without considering the full context of the underlying data. Spokespersons for several agencies confirmed the accuracy of the figures in separate statements to reporters, and said they welcomed continued scrutiny of the methodology used.",worldnews,"Saturday, 2017"
Report: A newly published peer-reviewed study on climate trends,"Government representatives announced on October 18 that a newly published peer-reviewed study on climate trends had been finalized after a series of negotiations that spanned several weeks. In a joint press briefing, officials outlined the next steps and answered questions from journalists regarding implementation and oversight. Independent observers noted that the process had followed standard procedural guidelines, and several policy analysts said the outcome was consistent with expectations based on prior public statements.",politicsNews,"November 2, 2017"
Report: The quarterly earnings report from a major technology company,"Officials confirmed on Friday that the quarterly earnings report from a major technology company will move forward after months of deliberation. According to a statement released by the relevant department, the decision was reached following extensive consultation with stakeholders and independent experts. Analysts say the move reflects a broader effort to address long-standing concerns raised by the public and industry groups alike. The department added that further details would be released in the coming weeks, and that an implementation timeline would be published once final approvals are completed. Representatives from opposing parties offered measured responses, with several requesting additional clarification before the next session.",worldnews,"Thursday, 2017"
Report: A report from the national weather service regarding the storm system,"Officials confirmed on November 2 that a report from the national weather service regarding the storm system will move forward after months of deliberation. According to a statement released by the relevant department, the decision was reached following extensive consultation with stakeholders and independent experts. Analysts say the move reflects a broader effort to address long-standing concerns raised by the public and industry groups alike. The department added that further details would be released in the coming weeks, and that an implementation timeline would be published once final approvals are completed. Representatives from opposing parties offered measured responses, with several requesting additional clarification before the next session.",politicsNews,"February 22, 2017"
Report: The quarterly earnings report from a major technology company,"A report published on April 30 detailed the findings related to the quarterly earnings report from a major technology company, noting that the data had been reviewed by multiple independent analysts prior to release. The report's authors emphasized that the conclusions were based on verified figures collected over several months, and cautioned against drawing premature conclusions without considering the full context of the underlying data. Spokespersons for several agencies confirmed the accuracy of the figures in separate statements to reporters, and said they welcomed continued scrutiny of the methodology used.",politicsNews,"February 22, 2017"
Report: The city council's approval of a new public transit expansion,"According to documents reviewed by reporters, the city council's approval of a new public transit expansion is expected to proceed as scheduled following approval on February 22. The relevant authority stated that all procedural requirements had been met, and that a formal announcement would follow once remaining administrative steps were completed. Several experts interviewed for this report said the development was in line with broader trends observed over the past year, while cautioning that final figures could be subject to revision.",politicsNews,"Wednesday, 2017"
Report: The supreme court's ruling on a long-running constitutional case,"According to documents reviewed by reporters, the supreme court's ruling on a long-running constitutional case is expected to proceed as scheduled following approval on February 22. The relevant authority stated that all procedural requirements had been met, and that a formal announcement would follow once remaining administrative steps were completed. Several experts interviewed for this report said the development was in line with broader trends observed over the past year, while cautioning that final figures could be subject to revision.",politicsNews,"Monday, 2017"
Report: Ongoing diplomatic talks aimed at easing regional tensions,"A report published on February 22 detailed the findings related to ongoing diplomatic talks aimed at easing regional tensions, noting that the data had been reviewed by multiple independent analysts prior to release. The report's authors emphasized that the conclusions were based on verified figures collected over several months, and cautioned against drawing premature conclusions without considering the full context of the underlying data. Spokespersons for several agencies confirmed the accuracy of the figures in separate statements to reporters, and said they welcomed continued scrutiny of the methodology used.",politicsNews,"August 11, 2017"
Report: The city council's approval of a new public transit expansion,"According to documents reviewed by reporters, the city council's approval of a new public transit expansion is expected to proceed as scheduled following approval on November 2. The relevant authority stated that all procedural requirements had been met, and that a formal announcement would follow once remaining administrative steps were completed. Several experts interviewed for this report said the development was in line with broader trends observed over the past year, while cautioning that final figures could be subject to revision.",politicsNews,"Thursday, 2017"
Report: The latest unemployment figures released by the labor department,"A report published on November 2 detailed the findings related to the latest unemployment figures released by the labor department, noting that the data had been reviewed by multiple independent analysts prior to release. The report's authors emphasized that the conclusions were based on verified figures collected over several months, and cautioned against drawing premature conclusions without considering the full context of the underlying data. Spokespersons for several agencies confirmed the accuracy of the figures in separate statements to reporters, and said they welcomed continued scrutiny of the methodology used.",politicsNews,"May 17, 2017"
Report: The health ministry's updated vaccination guidelines,"A report published on July 26 detailed the findings related to the health ministry's updated vaccination guidelines, noting that the data had been reviewed by multiple independent analysts prior to release. The report's authors emphasized that the conclusions were based on verified figures collected over several months, and cautioned against drawing premature conclusions without considering the full context of the underlying data. Spokespersons for several agencies confirmed the accuracy of the figures in separate statements to reporters, and said they welcomed continued scrutiny of the methodology used.",politicsNews,"Tuesday, 2017"
Report: The quarterly earnings report from a major technology company,"Government representatives announced on Tuesday that the quarterly earnings report from a major technology company had been finalized after a series of negotiations that spanned several weeks. In a joint press briefing, officials outlined the next steps and answered questions from journalists regarding implementation and oversight. Independent observers noted that the process had followed standard procedural guidelines, and several policy analysts said the outcome was consistent with expectations based on prior public statements.",worldnews,"Sunday, 2017"
Report: The supreme court's ruling on a long-running constitutional case,"A report published on Thursday detailed the findings related to the supreme court's ruling on a long-running constitutional case, noting that the data had been reviewed by multiple independent analysts prior to release. The report's authors emphasized that the conclusions were based on verified figures collected over several months, and cautioned against drawing premature conclusions without considering the full context of the underlying data. Spokespersons for several agencies confirmed the accuracy of the figures in separate statements to reporters, and said they welcomed continued scrutiny of the methodology used.",worldnews,"November 2, 2017"
Report: A report from the national weather service regarding the storm system,"According to documents reviewed by reporters, a report from the national weather service regarding the storm system is expected to proceed as scheduled following approval on Friday. The relevant authority stated that all procedural requirements had been met, and that a formal announcement would follow once remaining administrative steps were completed. Several experts interviewed for this report said the development was in line with broader trends observed over the past year, while cautioning that final figures could be subject to revision.",politicsNews,"Saturday, 2017"
Report: A joint statement issued after the regional summit,"A report published on July 26 detailed the findings related to a joint statement issued after the regional summit, noting that the data had been reviewed by multiple independent analysts prior to release. The report's authors emphasized that the conclusions were based on verified figures collected over several months, and cautioned against drawing premature conclusions without considering the full context of the underlying data. Spokespersons for several agencies confirmed the accuracy of the figures in separate statements to reporters, and said they welcomed continued scrutiny of the methodology used.",politicsNews,"Saturday, 2017"
Report: The finance minister's budget announcement for the upcoming fiscal year,"Government representatives announced on July 26 that the finance minister's budget announcement for the upcoming fiscal year had been finalized after a series of negotiations that spanned several weeks. In a joint press briefing, officials outlined the next steps and answered questions from journalists regarding implementation and oversight. Independent observers noted that the process had followed standard procedural guidelines, and several policy analysts said the outcome was consistent with expectations based on prior public statements.",businessNews,"January 14, 2017"
Report: The quarterly earnings report from a major technology company,"A report published on Thursday detailed the findings related to the quarterly earnings report from a major technology company, noting that the data had been reviewed by multiple independent analysts prior to release. The report's authors emphasized that the conclusions were based on verified figures collected over several months, and cautioned against drawing premature conclusions without considering the full context of the underlying data. Spokespersons for several agencies confirmed the accuracy of the figures in separate statements to reporters, and said they welcomed continued scrutiny of the methodology used.",worldnews,"Tuesday, 2017"
Report: The central election commission's certification of results,"According to documents reviewed by reporters, the central election commission's certification of results is expected to proceed as scheduled following approval on January 14. The relevant authority stated that all procedural requirements had been met, and that a formal announcement would follow once remaining administrative steps were completed. Several experts interviewed for this report said the development was in line with broader trends observed over the past year, while cautioning that final figures could be subject to revision.",politicsNews,"August 11, 2017"
Report: Ongoing diplomatic talks aimed at easing regional tensions,"Government representatives announced on January 14 that ongoing diplomatic talks aimed at easing regional tensions had been finalized after a series of negotiations that spanned several weeks. In a joint press briefing, officials outlined the next steps and answered questions from journalists regarding implementation and oversight. Independent observers noted that the process had followed standard procedural guidelines, and several policy analysts said the outcome was consistent with expectations based on prior public statements.",politicsNews,"Monday, 2017"
Report: The supreme court's ruling on a long-running constitutional case,"A report published on June 3 detailed the findings related to the supreme court's ruling on a long-running constitutional case, noting that the data had been reviewed by multiple independent analysts prior to release. The report's authors emphasized that the conclusions were based on verified figures collected over several months, and cautioned against drawing premature conclusions without considering the full context of the underlying data. Spokespersons for several agencies confirmed the accuracy of the figures in separate statements to reporters, and said they welcomed continued scrutiny of the methodology used.",worldnews,"February 22, 2017"
Report: The central election commission's certification of results,"Officials confirmed on February 22 that the central election commission's certification of results will move forward after months of deliberation. According to a statement released by the relevant department, the decision was reached following extensive consultation with stakeholders and independent experts. Analysts say the move reflects a broader effort to address long-standing concerns raised by the public and industry groups alike. The department added that further details would be released in the coming weeks, and that an implementation timeline would be published once final approvals are completed. Representatives from opposing parties offered measured responses, with several requesting additional clarification before the next session.",worldnews,"October 18, 2017"
Report: The results of the national census,"Government representatives announced on Monday that the results of the national census had been finalized after a series of negotiations that spanned several weeks. In a joint press briefing, officials outlined the next steps and answered questions from journalists regarding implementation and oversight. Independent observers noted that the process had followed standard procedural guidelines, and several policy analysts said the outcome was consistent with expectations based on prior public statements.",politicsNews,"February 22, 2017"
Report: A new trade agreement signed between two countries,"Government representatives announced on Tuesday that a new trade agreement signed between two countries had been finalized after a series of negotiations that spanned several weeks. In a joint press briefing, officials outlined the next steps and answered questions from journalists regarding implementation and oversight. Independent observers noted that the process had followed standard procedural guidelines, and several policy analysts said the outcome was consistent with expectations based on prior public statements.",politicsNews,"July 26, 2017"
Report: Ongoing diplomatic talks aimed at easing regional tensions,"Government representatives announced on July 26 that ongoing diplomatic talks aimed at easing regional tensions had been finalized after a series of negotiations that spanned several weeks. In a joint press briefing, officials outlined the next steps and answered questions from journalists regarding implementation and oversight. Independent observers noted that the process had followed standard procedural guidelines, and several policy analysts said the outcome was consistent with expectations based on prior public statements.",businessNews,"October 18, 2017"
Report: The latest unemployment figures released by the labor department,"According to documents reviewed by reporters, the latest unemployment figures released by the labor department is expected to proceed as scheduled following approval on December 21. The relevant authority stated that all procedural requirements had been met, and that a formal announcement would follow once remaining administrative steps were completed. Several experts interviewed for this report said the development was in line with broader trends observed over the past year, while cautioning that final figures could be subject to revision.",politicsNews,"February 22, 2017"
Report: The central bank's interest rate decision,"According to documents reviewed by reporters, the central bank's interest rate decision is expected to proceed as scheduled following approval on Monday. The relevant authority stated that all procedural requirements had been met, and that a formal announcement would follow once remaining administrative steps were completed. Several experts interviewed for this report said the development was in line with broader trends observed over the past year, while cautioning that final figures could be subject to revision.",businessNews,"November 2, 2017"
Report: The supreme court's ruling on a long-running constitutional case,"A report published on May 17 detailed the findings related to the supreme court's ruling on a long-running constitutional case, noting that the data had been reviewed by multiple independent analysts prior to release. The report's authors emphasized that the conclusions were based on verified figures collected over several months, and cautioned against drawing premature conclusions without considering the full context of the underlying data. Spokespersons for several agencies confirmed the accuracy of the figures in separate statements to reporters, and said they welcomed continued scrutiny of the methodology used.",worldnews,"Wednesday, 2017"
Report: The supreme court's ruling on a long-running constitutional case,"Government representatives announced on April 30 that the supreme court's ruling on a long-running constitutional case had been finalized after a series of negotiations that spanned several weeks. In a joint press briefing, officials outlined the next steps and answered questions from journalists regarding implementation and oversight. Independent observers noted that the process had followed standard procedural guidelines, and several policy analysts said the outcome was consistent with expectations based on prior public statements.",businessNews,"Thursday, 2017"
Report: The finance minister's budget announcement for the upcoming fiscal year,"Government representatives announced on October 18 that the finance minister's budget announcement for the upcoming fiscal year had been finalized after a series of negotiations that spanned several weeks. In a joint press briefing, officials outlined the next steps and answered questions from journalists regarding implementation and oversight. Independent observers noted that the process had followed standard procedural guidelines, and several policy analysts said the outcome was consistent with expectations based on prior public statements.",worldnews,"July 26, 2017"
Report: Ongoing diplomatic talks aimed at easing regional tensions,"According to documents reviewed by reporters, ongoing diplomatic talks aimed at easing regional tensions is expected to proceed as scheduled following approval on March 9. The relevant authority stated that all procedural requirements had been met, and that a formal announcement would follow once remaining administrative steps were completed. Several experts interviewed for this report said the development was in line with broader trends observed over the past year, while cautioning that final figures could be subject to revision.",businessNews,"Friday, 2017"
Report: The parliamentary vote on the proposed infrastructure bill,"According to documents reviewed by reporters, the parliamentary vote on the proposed infrastructure bill is expected to proceed as scheduled following approval on June 3. The relevant authority stated that all procedural requirements had been met, and that a formal announcement would follow once remaining administrative steps were completed. Several experts interviewed for this report said the development was in line with broader trends observed over the past year, while cautioning that final figures could be subject to revision.",businessNews,"Saturday, 2017"
Report: The health ministry's updated vaccination guidelines,"Government representatives announced on June 3 that the health ministry's updated vaccination guidelines had been finalized after a series of negotiations that spanned several weeks. In a joint press briefing, officials outlined the next steps and answered questions from journalists regarding implementation and oversight. Independent observers noted that the process had followed standard procedural guidelines, and several policy analysts said the outcome was consistent with expectations based on prior public statements.",businessNews,"Monday, 2017"
Report: The quarterly earnings report from a major technology company,"Government representatives announced on Sunday that the quarterly earnings report from a major technology company had been finalized after a series of negotiations that spanned several weeks. In a joint press briefing, officials outlined the next steps and answered questions from journalists regarding implementation and oversight. Independent observers noted that the process had followed standard procedural guidelines, and several policy analysts said the outcome was consistent with expectations based on prior public statements.",worldnews,"December 21, 2017"
Report: The health ministry's updated vaccination guidelines,"Government representatives announced on August 11 that the health ministry's updated vaccination guidelines had been finalized after a series of negotiations that spanned several weeks. In a joint press briefing, officials outlined the next steps and answered questions from journalists regarding implementation and oversight. Independent observers noted that the process had followed standard procedural guidelines, and several policy analysts said the outcome was consistent with expectations based on prior public statements.",worldnews,"August 11, 2017"
Report: The supreme court's ruling on a long-running constitutional case,"A report published on October 18 detailed the findings related to the supreme court's ruling on a long-running constitutional case, noting that the data had been reviewed by multiple independent analysts prior to release. The report's authors emphasized that the conclusions were based on verified figures collected over several months, and cautioned against drawing premature conclusions without considering the full context of the underlying data. Spokespersons for several agencies confirmed the accuracy of the figures in separate statements to reporters, and said they welcomed continued scrutiny of the methodology used.",worldnews,"Saturday, 2017"
Report: The supreme court's ruling on a long-running constitutional case,"Officials confirmed on March 9 that the supreme court's ruling on a long-running constitutional case will move forward after months of deliberation. According to a statement released by the relevant department, the decision was reached following extensive consultation with stakeholders and independent experts. Analysts say the move reflects a broader effort to address long-standing concerns raised by the public and industry groups alike. The department added that further details would be released in the coming weeks, and that an implementation timeline would be published once final approvals are completed. Representatives from opposing parties offered measured responses, with several requesting additional clarification before the next session.",businessNews,"April 30, 2017"
Report: The latest unemployment figures released by the labor department,"A report published on March 9 detailed the findings related to the latest unemployment figures released by the labor department, noting that the data had been reviewed by multiple independent analysts prior to release. The report's authors emphasized that the conclusions were based on verified figures collected over several months, and cautioned against drawing premature conclusions without considering the full context of the underlying data. Spokespersons for several agencies confirmed the accuracy of the figures in separate statements to reporters, and said they welcomed continued scrutiny of the methodology used.",politicsNews,"Sunday, 2017"
Report: A new trade agreement signed between two countries,"Officials confirmed on Tuesday that a new trade agreement signed between two countries will move forward after months of deliberation. According to a statement released by the relevant department, the decision was reached following extensive consultation with stakeholders and independent experts. Analysts say the move reflects a broader effort to address long-standing concerns raised by the public and industry groups alike. The department added that further details would be released in the coming weeks, and that an implementation timeline would be published once final approvals are completed. Representatives from opposing parties offered measured responses, with several requesting additional clarification before the next session.",politicsNews,"September 5, 2017"
Report: The health ministry's updated vaccination guidelines,"Officials confirmed on August 11 that the health ministry's updated vaccination guidelines will move forward after months of deliberation. According to a statement released by the relevant department, the decision was reached following extensive consultation with stakeholders and independent experts. Analysts say the move reflects a broader effort to address long-standing concerns raised by the public and industry groups alike. The department added that further details would be released in the coming weeks, and that an implementation timeline would be published once final approvals are completed. Representatives from opposing parties offered measured responses, with several requesting additional clarification before the next session.",worldnews,"December 21, 2017"
Report: The parliamentary vote on the proposed infrastructure bill,"According to documents reviewed by reporters, the parliamentary vote on the proposed infrastructure bill is expected to proceed as scheduled following approval on September 5. The relevant authority stated that all procedural requirements had been met, and that a formal announcement would follow once remaining administrative steps were completed. Several experts interviewed for this report said the development was in line with broader trends observed over the past year, while cautioning that final figures could be subject to revision.",worldnews,"January 14, 2017"
Report: A new trade agreement signed between two countries,"Officials confirmed on Thursday that a new trade agreement signed between two countries will move forward after months of deliberation. According to a statement released by the relevant department, the decision was reached following extensive consultation with stakeholders and independent experts. Analysts say the move reflects a broader effort to address long-standing concerns raised by the public and industry groups alike. The department added that further details would be released in the coming weeks, and that an implementation timeline would be published once final approvals are completed. Representatives from opposing parties offered measured responses, with several requesting additional clarification before the next session.",worldnews,"January 14, 2017"
Report: A new trade agreement signed between two countries,"According to documents reviewed by reporters, a new trade agreement signed between two countries is expected to proceed as scheduled following approval on Tuesday. The relevant authority stated that all procedural requirements had been met, and that a formal announcement would follow once remaining administrative steps were completed. Several experts interviewed for this report said the development was in line with broader trends observed over the past year, while cautioning that final figures could be subject to revision.",businessNews,"January 14, 2017"
Report: A report from the national weather service regarding the storm system,"Officials confirmed on August 11 that a report from the national weather service regarding the storm system will move forward after months of deliberation. According to a statement released by the relevant department, the decision was reached following extensive consultation with stakeholders and independent experts. Analysts say the move reflects a broader effort to address long-standing concerns raised by the public and industry groups alike. The department added that further details would be released in the coming weeks, and that an implementation timeline would be published once final approvals are completed. Representatives from opposing parties offered measured responses, with several requesting additional clarification before the next session.",politicsNews,"August 11, 2017"
Report: The supreme court's ruling on a long-running constitutional case,"Government representatives announced on August 11 that the supreme court's ruling on a long-running constitutional case had been finalized after a series of negotiations that spanned several weeks. In a joint press briefing, officials outlined the next steps and answered questions from journalists regarding implementation and oversight. Independent observers noted that the process had followed standard procedural guidelines, and several policy analysts said the outcome was consistent with expectations based on prior public statements.",businessNews,"October 18, 2017"
Report: The results of the national census,"According to documents reviewed by reporters, the results of the national census is expected to proceed as scheduled following approval on Saturday. The relevant authority stated that all procedural requirements had been met, and that a formal announcement would follow once remaining administrative steps were completed. Several experts interviewed for this report said the development was in line with broader trends observed over the past year, while cautioning that final figures could be subject to revision.",businessNews,"September 5, 2017"
Report: A newly published peer-reviewed study on climate trends,"Government representatives announced on January 14 that a newly published peer-reviewed study on climate trends had been finalized after a series of negotiations that spanned several weeks. In a joint press briefing, officials outlined the next steps and answered questions from journalists regarding implementation and oversight. Independent observers noted that the process had followed standard procedural guidelines, and several policy analysts said the outcome was consistent with expectations based on prior public statements.",businessNews,"February 22, 2017"
Report: A joint statement issued after the regional summit,"According to documents reviewed by reporters, a joint statement issued after the regional summit is expected to proceed as scheduled following approval on January 14. The relevant authority stated that all procedural requirements had been met, and that a formal announcement would follow once remaining administrative steps were completed. Several experts interviewed for this report said the development was in line with broader trends observed over the past year, while cautioning that final figures could be subject to revision.",worldnews,"August 11, 2017"
Report: The latest unemployment figures released by the labor department,"Government representatives announced on January 14 that the latest unemployment figures released by the labor department had been finalized after a series of negotiations that spanned several weeks. In a joint press briefing, officials outlined the next steps and answered questions from journalists regarding implementation and oversight. Independent observers noted that the process had followed standard procedural guidelines, and several policy analysts said the outcome was consistent with expectations based on prior public statements.",worldnews,"April 30, 2017"
Report: Ongoing diplomatic talks aimed at easing regional tensions,"Officials confirmed on Friday that ongoing diplomatic talks aimed at easing regional tensions will move forward after months of deliberation. According to a statement released by the relevant department, the decision was reached following extensive consultation with stakeholders and independent experts. Analysts say the move reflects a broader effort to address long-standing concerns raised by the public and industry groups alike. The department added that further details would be released in the coming weeks, and that an implementation timeline would be published once final approvals are completed. Representatives from opposing parties offered measured responses, with several requesting additional clarification before the next session.",politicsNews,"January 14, 2017"
Report: The results of the national census,"A report published on Sunday detailed the findings related to the results of the national census, noting that the data had been reviewed by multiple independent analysts prior to release. The report's authors emphasized that the conclusions were based on verified figures collected over several months, and cautioned against drawing premature conclusions without considering the full context of the underlying data. Spokespersons for several agencies confirmed the accuracy of the figures in separate statements to reporters, and said they welcomed continued scrutiny of the methodology used.",politicsNews,"July 26, 2017"
Report: The results of the national census,"Government representatives announced on November 2 that the results of the national census had been finalized after a series of negotiations that spanned several weeks. In a joint press briefing, officials outlined the next steps and answered questions from journalists regarding implementation and oversight. Independent observers noted that the process had followed standard procedural guidelines, and several policy analysts said the outcome was consistent with expectations based on prior public statements.",worldnews,"July 26, 2017"
Report: The central bank's interest rate decision,"A report published on July 26 detailed the findings related to the central bank's interest rate decision, noting that the data had been reviewed by multiple independent analysts prior to release. The report's authors emphasized that the conclusions were based on verified figures collected over several months, and cautioned against drawing premature conclusions without considering the full context of the underlying data. Spokespersons for several agencies confirmed the accuracy of the figures in separate statements to reporters, and said they welcomed continued scrutiny of the methodology used.",worldnews,"December 21, 2017"
Report: The finance minister's budget announcement for the upcoming fiscal year,"Officials confirmed on December 21 that the finance minister's budget announcement for the upcoming fiscal year will move forward after months of deliberation. According to a statement released by the relevant department, the decision was reached following extensive consultation with stakeholders and independent experts. Analysts say the move reflects a broader effort to address long-standing concerns raised by the public and industry groups alike. The department added that further details would be released in the coming weeks, and that an implementation timeline would be published once final approvals are completed. Representatives from opposing parties offered measured responses, with several requesting additional clarification before the next session.",worldnews,"September 5, 2017"
Report: The central bank's interest rate decision,"Government representatives announced on March 9 that the central bank's interest rate decision had been finalized after a series of negotiations that spanned several weeks. In a joint press briefing, officials outlined the next steps and answered questions from journalists regarding implementation and oversight. Independent observers noted that the process had followed standard procedural guidelines, and several policy analysts said the outcome was consistent with expectations based on prior public statements.",worldnews,"July 26, 2017"
Report: The city council's approval of a new public transit expansion,"A report published on September 5 detailed the findings related to the city council's approval of a new public transit expansion, noting that the data had been reviewed by multiple independent analysts prior to release. The report's authors emphasized that the conclusions were based on verified figures collected over several months, and cautioned against drawing premature conclusions without considering the full context of the underlying data. Spokespersons for several agencies confirmed the accuracy of the figures in separate statements to reporters, and said they welcomed continued scrutiny of the methodology used.",politicsNews,"February 22, 2017"
Report: The results of the national census,"According to documents reviewed by reporters, the results of the national census is expected to proceed as scheduled following approval on Monday. The relevant authority stated that all procedural requirements had been met, and that a formal announcement would follow once remaining administrative steps were completed. Several experts interviewed for this report said the development was in line with broader trends observed over the past year, while cautioning that final figures could be subject to revision.",worldnews,"April 30, 2017"
Report: The supreme court's ruling on a long-running constitutional case,"According to documents reviewed by reporters, the supreme court's ruling on a long-running constitutional case is expected to proceed as scheduled following approval on Saturday. The relevant authority stated that all procedural requirements had been met, and that a formal announcement would follow once remaining administrative steps were completed. Several experts interviewed for this report said the development was in line with broader trends observed over the past year, while cautioning that final figures could be subject to revision.",worldnews,"Friday, 2017"
Report: The health ministry's updated vaccination guidelines,"Officials confirmed on June 3 that the health ministry's updated vaccination guidelines will move forward after months of deliberation. According to a statement released by the relevant department, the decision was reached following extensive consultation with stakeholders and independent experts. Analysts say the move reflects a broader effort to address long-standing concerns raised by the public and industry groups alike. The department added that further details would be released in the coming weeks, and that an implementation timeline would be published once final approvals are completed. Representatives from opposing parties offered measured responses, with several requesting additional clarification before the next session.",businessNews,"December 21, 2017"
Report: The supreme court's ruling on a long-running constitutional case,"Officials confirmed on Wednesday that the supreme court's ruling on a long-running constitutional case will move forward after months of deliberation. According to a statement released by the relevant department, the decision was reached following extensive consultation with stakeholders and independent experts. Analysts say the move reflects a broader effort to address long-standing concerns raised by the public and industry groups alike. The department added that further details would be released in the coming weeks, and that an implementation timeline would be published once final approvals are completed. Representatives from opposing parties offered measured responses, with several requesting additional clarification before the next session.",businessNews,"July 26, 2017"
Report: A new trade agreement signed between two countries,"According to documents reviewed by reporters, a new trade agreement signed between two countries is expected to proceed as scheduled following approval on Saturday. The relevant authority stated that all procedural requirements had been met, and that a formal announcement would follow once remaining administrative steps were completed. Several experts interviewed for this report said the development was in line with broader trends observed over the past year, while cautioning that final figures could be subject to revision.",politicsNews,"February 22, 2017"
Report: The results of the national census,"Government representatives announced on Sunday that the results of the national census had been finalized after a series of negotiations that spanned several weeks. In a joint press briefing, officials outlined the next steps and answered questions from journalists regarding implementation and oversight. Independent observers noted that the process had followed standard procedural guidelines, and several policy analysts said the outcome was consistent with expectations based on prior public statements.",worldnews,"April 30, 2017"
Report: Ongoing diplomatic talks aimed at easing regional tensions,"According to documents reviewed by reporters, ongoing diplomatic talks aimed at easing regional tensions is expected to proceed as scheduled following approval on February 22. The relevant authority stated that all procedural requirements had been met, and that a formal announcement would follow once remaining administrative steps were completed. Several experts interviewed for this report said the development was in line with broader trends observed over the past year, while cautioning that final figures could be subject to revision.",worldnews,"February 22, 2017"
Report: The central election commission's certification of results,"Officials confirmed on September 5 that the central election commission's certification of results will move forward after months of deliberation. According to a statement released by the relevant department, the decision was reached following extensive consultation with stakeholders and independent experts. Analysts say the move reflects a broader effort to address long-standing concerns raised by the public and industry groups alike. The department added that further details would be released in the coming weeks, and that an implementation timeline would be published once final approvals are completed. Representatives from opposing parties offered measured responses, with several requesting additional clarification before the next session.",politicsNews,"November 2, 2017"
Report: The central bank's interest rate decision,"Government representatives announced on January 14 that the central bank's interest rate decision had been finalized after a series of negotiations that spanned several weeks. In a joint press briefing, officials outlined the next steps and answered questions from journalists regarding implementation and oversight. Independent observers noted that the process had followed standard procedural guidelines, and several policy analysts said the outcome was consistent with expectations based on prior public statements.",businessNews,"Wednesday, 2017"
Report: A joint statement issued after the regional summit,"Officials confirmed on Monday that a joint statement issued after the regional summit will move forward after months of deliberation. According to a statement released by the relevant department, the decision was reached following extensive consultation with stakeholders and independent experts. Analysts say the move reflects a broader effort to address long-standing concerns raised by the public and industry groups alike. The department added that further details would be released in the coming weeks, and that an implementation timeline would be published once final approvals are completed. Representatives from opposing parties offered measured responses, with several requesting additional clarification before the next session.",politicsNews,"Sunday, 2017"
Report: The central election commission's certification of results,"Officials confirmed on Friday that the central election commission's certification of results will move forward after months of deliberation. According to a statement released by the relevant department, the decision was reached following extensive consultation with stakeholders and independent experts. Analysts say the move reflects a broader effort to address long-standing concerns raised by the public and industry groups alike. The department added that further details would be released in the coming weeks, and that an implementation timeline would be published once final approvals are completed. Representatives from opposing parties offered measured responses, with several requesting additional clarification before the next session.",politicsNews,"Friday, 2017"
Report: A newly published peer-reviewed study on climate trends,"Officials confirmed on December 21 that a newly published peer-reviewed study on climate trends will move forward after months of deliberation. According to a statement released by the relevant department, the decision was reached following extensive consultation with stakeholders and independent experts. Analysts say the move reflects a broader effort to address long-standing concerns raised by the public and industry groups alike. The department added that further details would be released in the coming weeks, and that an implementation timeline would be published once final approvals are completed. Representatives from opposing parties offered measured responses, with several requesting additional clarification before the next session.",politicsNews,"August 11, 2017"
Report: The finance minister's budget announcement for the upcoming fiscal year,"Government representatives announced on May 17 that the finance minister's budget announcement for the upcoming fiscal year had been finalized after a series of negotiations that spanned several weeks. In a joint press briefing, officials outlined the next steps and answered questions from journalists regarding implementation and oversight. Independent observers noted that the process had followed standard procedural guidelines, and several policy analysts said the outcome was consistent with expectations based on prior public statements.",politicsNews,"Thursday, 2017"
Report: A joint statement issued after the regional summit,"A report published on March 9 detailed the findings related to a joint statement issued after the regional summit, noting that the data had been reviewed by multiple independent analysts prior to release. The report's authors emphasized that the conclusions were based on verified figures collected over several months, and cautioned against drawing premature conclusions without considering the full context of the underlying data. Spokespersons for several agencies confirmed the accuracy of the figures in separate statements to reporters, and said they welcomed continued scrutiny of the methodology used.",politicsNews,"December 21, 2017"
Report: The central bank's interest rate decision,"Government representatives announced on December 21 that the central bank's interest rate decision had been finalized after a series of negotiations that spanned several weeks. In a joint press briefing, officials outlined the next steps and answered questions from journalists regarding implementation and oversight. Independent observers noted that the process had followed standard procedural guidelines, and several policy analysts said the outcome was consistent with expectations based on prior public statements.",businessNews,"June 3, 2017"
Report: The results of the national census,"A report published on Wednesday detailed the findings related to the results of the national census, noting that the data had been reviewed by multiple independent analysts prior to release. The report's authors emphasized that the conclusions were based on verified figures collected over several months, and cautioned against drawing premature conclusions without considering the full context of the underlying data. Spokespersons for several agencies confirmed the accuracy of the figures in separate statements to reporters, and said they welcomed continued scrutiny of the methodology used.",businessNews,"January 14, 2017"
Report: The latest unemployment figures released by the labor department,"Government representatives announced on Thursday that the latest unemployment figures released by the labor department had been finalized after a series of negotiations that spanned several weeks. In a joint press briefing, officials outlined the next steps and answered questions from journalists regarding implementation and oversight. Independent observers noted that the process had followed standard procedural guidelines, and several policy analysts said the outcome was consistent with expectations based on prior public statements.",businessNews,"Tuesday, 2017"
Report: Ongoing diplomatic talks aimed at easing regional tensions,"According to documents reviewed by reporters, ongoing diplomatic talks aimed at easing regional tensions is expected to proceed as scheduled following approval on May 17. The relevant authority stated that all procedural requirements had been met, and that a formal announcement would follow once remaining administrative steps were completed. Several experts interviewed for this report said the development was in line with broader trends observed over the past year, while cautioning that final figures could be subject to revision.",politicsNews,"October 18, 2017"
Report: The supreme court's ruling on a long-running constitutional case,"Government representatives announced on Monday that the supreme court's ruling on a long-running constitutional case had been finalized after a series of negotiations that spanned several weeks. In a joint press briefing, officials outlined the next steps and answered questions from journalists regarding implementation and oversight. Independent observers noted that the process had followed standard procedural guidelines, and several policy analysts said the outcome was consistent with expectations based on prior public statements.",worldnews,"September 5, 2017"
Report: The latest unemployment figures released by the labor department,"According to documents reviewed by reporters, the latest unemployment figures released by the labor department is expected to proceed as scheduled following approval on May 17. The relevant authority stated that all procedural requirements had been met, and that a formal announcement would follow once remaining administrative steps were completed. Several experts interviewed for this report said the development was in line with broader trends observed over the past year, while cautioning that final figures could be subject to revision.",businessNews,"August 11, 2017"
Report: The finance minister's budget announcement for the upcoming fiscal year,"A report published on July 26 detailed the findings related to the finance minister's budget announcement for the upcoming fiscal year, noting that the data had been reviewed by multiple independent analysts prior to release. The report's authors emphasized that the conclusions were based on verified figures collected over several months, and cautioned against drawing premature conclusions without considering the full context of the underlying data. Spokespersons for several agencies confirmed the accuracy of the figures in separate statements to reporters, and said they welcomed continued scrutiny of the methodology used.",politicsNews,"October 18, 2017"
Report: The supreme court's ruling on a long-running constitutional case,"Government representatives announced on November 2 that the supreme court's ruling on a long-running constitutional case had been finalized after a series of negotiations that spanned several weeks. In a joint press briefing, officials outlined the next steps and answered questions from journalists regarding implementation and oversight. Independent observers noted that the process had followed standard procedural guidelines, and several policy analysts said the outcome was consistent with expectations based on prior public statements.",worldnews,"August 11, 2017"
Report: The results of the national census,"Government representatives announced on April 30 that the results of the national census had been finalized after a series of negotiations that spanned several weeks. In a joint press briefing, officials outlined the next steps and answered questions from journalists regarding implementation and oversight. Independent observers noted that the process had followed standard procedural guidelines, and several policy analysts said the outcome was consistent with expectations based on prior public statements.",politicsNews,"Wednesday, 2017"
Report: The quarterly earnings report from a major technology company,"According to documents reviewed by reporters, the quarterly earnings report from a major technology company is expected to proceed as scheduled following approval on January 14. The relevant authority stated that all procedural requirements had been met, and that a formal announcement would follow once remaining administrative steps were completed. Several experts interviewed for this report said the development was in line with broader trends observed over the past year, while cautioning that final figures could be subject to revision.",worldnews,"December 21, 2017"
Report: The health ministry's updated vaccination guidelines,"According to documents reviewed by reporters, the health ministry's updated vaccination guidelines is expected to proceed as scheduled following approval on April 30. The relevant authority stated that all procedural requirements had been met, and that a formal announcement would follow once remaining administrative steps were completed. Several experts interviewed for this report said the development was in line with broader trends observed over the past year, while cautioning that final figures could be subject to revision.",politicsNews,"September 5, 2017"
Report: The central election commission's certification of results,"Government representatives announced on Saturday that the central election commission's certification of results had been finalized after a series of negotiations that spanned several weeks. In a joint press briefing, officials outlined the next steps and answered questions from journalists regarding implementation and oversight. Independent observers noted that the process had followed standard procedural guidelines, and several policy analysts said the outcome was consistent with expectations based on prior public statements.",worldnews,"Sunday, 2017"
Report: Ongoing diplomatic talks aimed at easing regional tensions,"Government representatives announced on April 30 that ongoing diplomatic talks aimed at easing regional tensions had been finalized after a series of negotiations that spanned several weeks. In a joint press briefing, officials outlined the next steps and answered questions from journalists regarding implementation and oversight. Independent observers noted that the process had followed standard procedural guidelines, and several policy analysts said the outcome was consistent with expectations based on prior public statements.",worldnews,"February 22, 2017"
Report: The city council's approval of a new public transit expansion,"Officials confirmed on October 18 that the city council's approval of a new public transit expansion will move forward after months of deliberation. According to a statement released by the relevant department, the decision was reached following extensive consultation with stakeholders and independent experts. Analysts say the move reflects a broader effort to address long-standing concerns raised by the public and industry groups alike. The department added that further details would be released in the coming weeks, and that an implementation timeline would be published once final approvals are completed. Representatives from opposing parties offered measured responses, with several requesting additional clarification before the next session.",politicsNews,"Wednesday, 2017"
Report: The parliamentary vote on the proposed infrastructure bill,"According to documents reviewed by reporters, the parliamentary vote on the proposed infrastructure bill is expected to proceed as scheduled following approval on September 5. The relevant authority stated that all procedural requirements had been met, and that a formal announcement would follow once remaining administrative steps were completed. Several experts interviewed for this report said the development was in line with broader trends observed over the past year, while cautioning that final figures could be subject to revision.",businessNews,"January 14, 2017"
Report: The finance minister's budget announcement for the upcoming fiscal year,"According to documents reviewed by reporters, the finance minister's budget announcement for the upcoming fiscal year is expected to proceed as scheduled following approval on September 5. The relevant authority stated that all procedural requirements had been met, and that a formal announcement would follow once remaining administrative steps were completed. Several experts interviewed for this report said the development was in line with broader trends observed over the past year, while cautioning that final figures could be subject to revision.",worldnews,"Monday, 2017"
Report: The latest unemployment figures released by the labor department,"Government representatives announced on January 14 that the latest unemployment figures released by the labor department had been finalized after a series of negotiations that spanned several weeks. In a joint press briefing, officials outlined the next steps and answered questions from journalists regarding implementation and oversight. Independent observers noted that the process had followed standard procedural guidelines, and several policy analysts said the outcome was consistent with expectations based on prior public statements.",worldnews,"January 14, 2017"
Report: The quarterly earnings report from a major technology company,"Government representatives announced on September 5 that the quarterly earnings report from a major technology company had been finalized after a series of negotiations that spanned several weeks. In a joint press briefing, officials outlined the next steps and answered questions from journalists regarding implementation and oversight. Independent observers noted that the process had followed standard procedural guidelines, and several policy analysts said the outcome was consistent with expectations based on prior public statements.",businessNews,"October 18, 2017"
Report: Ongoing diplomatic talks aimed at easing regional tensions,"According to documents reviewed by reporters, ongoing diplomatic talks aimed at easing regional tensions is expected to proceed as scheduled following approval on November 2. The relevant authority stated that all procedural requirements had been met, and that a formal announcement would follow once remaining administrative steps were completed. Several experts interviewed for this report said the development was in line with broader trends observed over the past year, while cautioning that final figures could be subject to revision.",worldnews,"May 17, 2017"
Report: The finance minister's budget announcement for the upcoming fiscal year,"According to documents reviewed by reporters, the finance minister's budget announcement for the upcoming fiscal year is expected to proceed as scheduled following approval on February 22. The relevant authority stated that all procedural requirements had been met, and that a formal announcement would follow once remaining administrative steps were completed. Several experts interviewed for this report said the development was in line with broader trends observed over the past year, while cautioning that final figures could be subject to revision.",worldnews,"February 22, 2017"
Report: The parliamentary vote on the proposed infrastructure bill,"Officials confirmed on Sunday that the parliamentary vote on the proposed infrastructure bill will move forward after months of deliberation. According to a statement released by the relevant department, the decision was reached following extensive consultation with stakeholders and independent experts. Analysts say the move reflects a broader effort to address long-standing concerns raised by the public and industry groups alike. The department added that further details would be released in the coming weeks, and that an implementation timeline would be published once final approvals are completed. Representatives from opposing parties offered measured responses, with several requesting additional clarification before the next session.",worldnews,"Thursday, 2017"
Report: The finance minister's budget announcement for the upcoming fiscal year,"A report published on Sunday detailed the findings related to the finance minister's budget announcement for the upcoming fiscal year, noting that the data had been reviewed by multiple independent analysts prior to release. The report's authors emphasized that the conclusions were based on verified figures collected over several months, and cautioned against drawing premature conclusions without considering the full context of the underlying data. Spokespersons for several agencies confirmed the accuracy of the figures in separate statements to reporters, and said they welcomed continued scrutiny of the methodology used.",politicsNews,"September 5, 2017"
Report: The quarterly earnings report from a major technology company,"Government representatives announced on Thursday that the quarterly earnings report from a major technology company had been finalized after a series of negotiations that spanned several weeks. In a joint press briefing, officials outlined the next steps and answered questions from journalists regarding implementation and oversight. Independent observers noted that the process had followed standard procedural guidelines, and several policy analysts said the outcome was consistent with expectations based on prior public statements.",politicsNews,"March 9, 2017"
Report: The parliamentary vote on the proposed infrastructure bill,"Government representatives announced on Saturday that the parliamentary vote on the proposed infrastructure bill had been finalized after a series of negotiations that spanned several weeks. In a joint press briefing, officials outlined the next steps and answered questions from journalists regarding implementation and oversight. Independent observers noted that the process had followed standard procedural guidelines, and several policy analysts said the outcome was consistent with expectations based on prior public statements.",worldnews,"Monday, 2017"
Report: The finance minister's budget announcement for the upcoming fiscal year,"A report published on February 22 detailed the findings related to the finance minister's budget announcement for the upcoming fiscal year, noting that the data had been reviewed by multiple independent analysts prior to release. The report's authors emphasized that the conclusions were based on verified figures collected over several months, and cautioned against drawing premature conclusions without considering the full context of the underlying data. Spokespersons for several agencies confirmed the accuracy of the figures in separate statements to reporters, and said they welcomed continued scrutiny of the methodology used.",politicsNews,"Tuesday, 2017"
Report: The city council's approval of a new public transit expansion,"Government representatives announced on Friday that the city council's approval of a new public transit expansion had been finalized after a series of negotiations that spanned several weeks. In a joint press briefing, officials outlined the next steps and answered questions from journalists regarding implementation and oversight. Independent observers noted that the process had followed standard procedural guidelines, and several policy analysts said the outcome was consistent with expectations based on prior public statements.",businessNews,"September 5, 2017"
Report: The latest unemployment figures released by the labor department,"Officials confirmed on December 21 that the latest unemployment figures released by the labor department will move forward after months of deliberation. According to a statement released by the relevant department, the decision was reached following extensive consultation with stakeholders and independent experts. Analysts say the move reflects a broader effort to address long-standing concerns raised by the public and industry groups alike. The department added that further details would be released in the coming weeks, and that an implementation timeline would be published once final approvals are completed. Representatives from opposing parties offered measured responses, with several requesting additional clarification before the next session.",worldnews,"September 5, 2017"
Report: A newly published peer-reviewed study on climate trends,"According to documents reviewed by reporters, a newly published peer-reviewed study on climate trends is expected to proceed as scheduled following approval on April 30. The relevant authority stated that all procedural requirements had been met, and that a formal announcement would follow once remaining administrative steps were completed. Several experts interviewed for this report said the development was in line with broader trends observed over the past year, while cautioning that final figures could be subject to revision.",politicsNews,"Tuesday, 2017"
Report: The quarterly earnings report from a major technology company,"According to documents reviewed by reporters, the quarterly earnings report from a major technology company is expected to proceed as scheduled following approval on Thursday. The relevant authority stated that all procedural requirements had been met, and that a formal announcement would follow once remaining administrative steps were completed. Several experts interviewed for this report said the development was in line with broader trends observed over the past year, while cautioning that final figures could be subject to revision.",politicsNews,"June 3, 2017"
Report: A newly published peer-reviewed study on climate trends,"Officials confirmed on December 21 that a newly published peer-reviewed study on climate trends will move forward after months of deliberation. According to a statement released by the relevant department, the decision was reached following extensive consultation with stakeholders and independent experts. Analysts say the move reflects a broader effort to address long-standing concerns raised by the public and industry groups alike. The department added that further details would be released in the coming weeks, and that an implementation timeline would be published once final approvals are completed. Representatives from opposing parties offered measured responses, with several requesting additional clarification before the next session.",businessNews,"Tuesday, 2017"
Report: A new trade agreement signed between two countries,"A report published on December 21 detailed the findings related to a new trade agreement signed between two countries, noting that the data had been reviewed by multiple independent analysts prior to release. The report's authors emphasized that the conclusions were based on verified figures collected over several months, and cautioned against drawing premature conclusions without considering the full context of the underlying data. Spokespersons for several agencies confirmed the accuracy of the figures in separate statements to reporters, and said they welcomed continued scrutiny of the methodology used.",worldnews,"Wednesday, 2017"
Report: The parliamentary vote on the proposed infrastructure bill,"Officials confirmed on November 2 that the parliamentary vote on the proposed infrastructure bill will move forward after months of deliberation. According to a statement released by the relevant department, the decision was reached following extensive consultation with stakeholders and independent experts. Analysts say the move reflects a broader effort to address long-standing concerns raised by the public and industry groups alike. The department added that further details would be released in the coming weeks, and that an implementation timeline would be published once final approvals are completed. Representatives from opposing parties offered measured responses, with several requesting additional clarification before the next session.",worldnews,"January 14, 2017"
Report: A joint statement issued after the regional summit,"According to documents reviewed by reporters, a joint statement issued after the regional summit is expected to proceed as scheduled following approval on August 11. The relevant authority stated that all procedural requirements had been met, and that a formal announcement would follow once remaining administrative steps were completed. Several experts interviewed for this report said the development was in line with broader trends observed over the past year, while cautioning that final figures could be subject to revision.",worldnews,"March 9, 2017"
Report: The central election commission's certification of results,"According to documents reviewed by reporters, the central election commission's certification of results is expected to proceed as scheduled following approval on March 9. The relevant authority stated that all procedural requirements had been met, and that a formal announcement would follow once remaining administrative steps were completed. Several experts interviewed for this report said the development was in line with broader trends observed over the past year, while cautioning that final figures could be subject to revision.",businessNews,"Tuesday, 2017"
Report: The health ministry's updated vaccination guidelines,"Officials confirmed on Sunday that the health ministry's updated vaccination guidelines will move forward after months of deliberation. According to a statement released by the relevant department, the decision was reached following extensive consultation with stakeholders and independent experts. Analysts say the move reflects a broader effort to address long-standing concerns raised by the public and industry groups alike. The department added that further details would be released in the coming weeks, and that an implementation timeline would be published once final approvals are completed. Representatives from opposing parties offered measured responses, with several requesting additional clarification before the next session.",businessNews,"Sunday, 2017"
Report: The quarterly earnings report from a major technology company,"Officials confirmed on Saturday that the quarterly earnings report from a major technology company will move forward after months of deliberation. According to a statement released by the relevant department, the decision was reached following extensive consultation with stakeholders and independent experts. Analysts say the move reflects a broader effort to address long-standing concerns raised by the public and industry groups alike. The department added that further details would be released in the coming weeks, and that an implementation timeline would be published once final approvals are completed. Representatives from opposing parties offered measured responses, with several requesting additional clarification before the next session.",politicsNews,"Saturday, 2017"
Report: The city council's approval of a new public transit expansion,"Officials confirmed on Saturday that the city council's approval of a new public transit expansion will move forward after months of deliberation. According to a statement released by the relevant department, the decision was reached following extensive consultation with stakeholders and independent experts. Analysts say the move reflects a broader effort to address long-standing concerns raised by the public and industry groups alike. The department added that further details would be released in the coming weeks, and that an implementation timeline would be published once final approvals are completed. Representatives from opposing parties offered measured responses, with several requesting additional clarification before the next session.",politicsNews,"July 26, 2017"
Report: A newly published peer-reviewed study on climate trends,"According to documents reviewed by reporters, a newly published peer-reviewed study on climate trends is expected to proceed as scheduled following approval on March 9. The relevant authority stated that all procedural requirements had been met, and that a formal announcement would follow once remaining administrative steps were completed. Several experts interviewed for this report said the development was in line with broader trends observed over the past year, while cautioning that final figures could be subject to revision.",politicsNews,"January 14, 2017"
Report: The quarterly earnings report from a major technology company,"Government representatives announced on August 11 that the quarterly earnings report from a major technology company had been finalized after a series of negotiations that spanned several weeks. In a joint press briefing, officials outlined the next steps and answered questions from journalists regarding implementation and oversight. Independent observers noted that the process had followed standard procedural guidelines, and several policy analysts said the outcome was consistent with expectations based on prior public statements.",politicsNews,"January 14, 2017"
Report: A report from the national weather service regarding the storm system,"Government representatives announced on December 21 that a report from the national weather service regarding the storm system had been finalized after a series of negotiations that spanned several weeks. In a joint press briefing, officials outlined the next steps and answered questions from journalists regarding implementation and oversight. Independent observers noted that the process had followed standard procedural guidelines, and several policy analysts said the outcome was consistent with expectations based on prior public statements.",businessNews,"Sunday, 2017"
Report: The results of the national census,"Officials confirmed on November 2 that the results of the national census will move forward after months of deliberation. According to a statement released by the relevant department, the decision was reached following extensive consultation with stakeholders and independent experts. Analysts say the move reflects a broader effort to address long-standing concerns raised by the public and industry groups alike. The department added that further details would be released in the coming weeks, and that an implementation timeline would be published once final approvals are completed. Representatives from opposing parties offered measured responses, with several requesting additional clarification before the next session.",politicsNews,"Friday, 2017"
Report: A report from the national weather service regarding the storm system,"Government representatives announced on Friday that a report from the national weather service regarding the storm system had been finalized after a series of negotiations that spanned several weeks. In a joint press briefing, officials outlined the next steps and answered questions from journalists regarding implementation and oversight. Independent observers noted that the process had followed standard procedural guidelines, and several policy analysts said the outcome was consistent with expectations based on prior public statements.",politicsNews,"Tuesday, 2017"
Report: A new trade agreement signed between two countries,"Government representatives announced on December 21 that a new trade agreement signed between two countries had been finalized after a series of negotiations that spanned several weeks. In a joint press briefing, officials outlined the next steps and answered questions from journalists regarding implementation and oversight. Independent observers noted that the process had followed standard procedural guidelines, and several policy analysts said the outcome was consistent with expectations based on prior public statements.",worldnews,"August 11, 2017"
Report: The latest unemployment figures released by the labor department,"According to documents reviewed by reporters, the latest unemployment figures released by the labor department is expected to proceed as scheduled following approval on March 9. The relevant authority stated that all procedural requirements had been met, and that a formal announcement would follow once remaining administrative steps were completed. Several experts interviewed for this report said the development was in line with broader trends observed over the past year, while cautioning that final figures could be subject to revision.",businessNews,"June 3, 2017"
Report: The quarterly earnings report from a major technology company,"According to documents reviewed by reporters, the quarterly earnings report from a major technology company is expected to proceed as scheduled following approval on August 11. The relevant authority stated that all procedural requirements had been met, and that a formal announcement would follow once remaining administrative steps were completed. Several experts interviewed for this report said the development was in line with broader trends observed over the past year, while cautioning that final figures could be subject to revision.",politicsNews,"Tuesday, 2017"
Report: A report from the national weather service regarding the storm system,"According to documents reviewed by reporters, a report from the national weather service regarding the storm system is expected to proceed as scheduled following approval on April 30. The relevant authority stated that all procedural requirements had been met, and that a formal announcement would follow once remaining administrative steps were completed. Several experts interviewed for this report said the development was in line with broader trends observed over the past year, while cautioning that final figures could be subject to revision.",businessNews,"February 22, 2017"
Report: The central bank's interest rate decision,"Officials confirmed on January 14 that the central bank's interest rate decision will move forward after months of deliberation. According to a statement released by the relevant department, the decision was reached following extensive consultation with stakeholders and independent experts. Analysts say the move reflects a broader effort to address long-standing concerns raised by the public and industry groups alike. The department added that further details would be released in the coming weeks, and that an implementation timeline would be published once final approvals are completed. Representatives from opposing parties offered measured responses, with several requesting additional clarification before the next session.",businessNews,"December 21, 2017"
Report: The health ministry's updated vaccination guidelines,"Officials confirmed on February 22 that the health ministry's updated vaccination guidelines will move forward after months of deliberation. According to a statement released by the relevant department, the decision was reached following extensive consultation with stakeholders and independent experts. Analysts say the move reflects a broader effort to address long-standing concerns raised by the public and industry groups alike. The department added that further details would be released in the coming weeks, and that an implementation timeline would be published once final approvals are completed. Representatives from opposing parties offered measured responses, with several requesting additional clarification before the next session.",businessNews,"Tuesday, 2017"
Report: A joint statement issued after the regional summit,"A report published on September 5 detailed the findings related to a joint statement issued after the regional summit, noting that the data had been reviewed by multiple independent analysts prior to release. The report's authors emphasized that the conclusions were based on verified figures collected over several months, and cautioned against drawing premature conclusions without considering the full context of the underlying data. Spokespersons for several agencies confirmed the accuracy of the figures in separate statements to reporters, and said they welcomed continued scrutiny of the methodology used.",businessNews,"August 11, 2017"
Report: A report from the national weather service regarding the storm system,"Government representatives announced on Saturday that a report from the national weather service regarding the storm system had been finalized after a series of negotiations that spanned several weeks. In a joint press briefing, officials outlined the next steps and answered questions from journalists regarding implementation and oversight. Independent observers noted that the process had followed standard procedural guidelines, and several policy analysts said the outcome was consistent with expectations based on prior public statements.",businessNews,"July 26, 2017"
Report: The supreme court's ruling on a long-running constitutional case,"According to documents reviewed by reporters, the supreme court's ruling on a long-running constitutional case is expected to proceed as scheduled following approval on Wednesday. The relevant authority stated that all procedural requirements had been met, and that a formal announcement would follow once remaining administrative steps were completed. Several experts interviewed for this report said the development was in line with broader trends observed over the past year, while cautioning that final figures could be subject to revision.",worldnews,"May 17, 2017"
Report: The results of the national census,"Government representatives announced on April 30 that the results of the national census had been finalized after a series of negotiations that spanned several weeks. In a joint press briefing, officials outlined the next steps and answered questions from journalists regarding implementation and oversight. Independent observers noted that the process had followed standard procedural guidelines, and several policy analysts said the outcome was consistent with expectations based on prior public statements.",businessNews,"Thursday, 2017"
Report: The central election commission's certification of results,"A report published on April 30 detailed the findings related to the central election commission's certification of results, noting that the data had been reviewed by multiple independent analysts prior to release. The report's authors emphasized that the conclusions were based on verified figures collected over several months, and cautioned against drawing premature conclusions without considering the full context of the underlying data. Spokespersons for several agencies confirmed the accuracy of the figures in separate statements to reporters, and said they welcomed continued scrutiny of the methodology used.",worldnews,"September 5, 2017"
Report: The quarterly earnings report from a major technology company,"According to documents reviewed by reporters, the quarterly earnings report from a major technology company is expected to proceed as scheduled following approval on November 2. The relevant authority stated that all procedural requirements had been met, and that a formal announcement would follow once remaining administrative steps were completed. Several experts interviewed for this report said the development was in line with broader trends observed over the past year, while cautioning that final figures could be subject to revision.",politicsNews,"August 11, 2017"
Report: The latest unemployment figures released by the labor department,"Government representatives announced on February 22 that the latest unemployment figures released by the labor department had been finalized after a series of negotiations that spanned several weeks. In a joint press briefing, officials outlined the next steps and answered questions from journalists regarding implementation and oversight. Independent observers noted that the process had followed standard procedural guidelines, and several policy analysts said the outcome was consistent with expectations based on prior public statements.",worldnews,"Thursday, 2017"
Report: A joint statement issued after the regional summit,"According to documents reviewed by reporters, a joint statement issued after the regional summit is expected to proceed as scheduled following approval on October 18. The relevant authority stated that all procedural requirements had been met, and that a formal announcement would follow once remaining administrative steps were completed. Several experts interviewed for this report said the development was in line with broader trends observed over the past year, while cautioning that final figures could be subject to revision.",politicsNews,"November 2, 2017"
Report: A newly published peer-reviewed study on climate trends,"According to documents reviewed by reporters, a newly published peer-reviewed study on climate trends is expected to proceed as scheduled following approval on Tuesday. The relevant authority stated that all procedural requirements had been met, and that a formal announcement would follow once remaining administrative steps were completed. Several experts interviewed for this report said the development was in line with broader trends observed over the past year, while cautioning that final figures could be subject to revision.",politicsNews,"October 18, 2017"
Report: Ongoing diplomatic talks aimed at easing regional tensions,"According to documents reviewed by reporters, ongoing diplomatic talks aimed at easing regional tensions is expected to proceed as scheduled following approval on August 11. The relevant authority stated that all procedural requirements had been met, and that a formal announcement would follow once remaining administrative steps were completed. Several experts interviewed for this report said the development was in line with broader trends observed over the past year, while cautioning that final figures could be subject to revision.",politicsNews,"Sunday, 2017"
Report: The quarterly earnings report from a major technology company,"A report published on March 9 detailed the findings related to the quarterly earnings report from a major technology company, noting that the data had been reviewed by multiple independent analysts prior to release. The report's authors emphasized that the conclusions were based on verified figures collected over several months, and cautioned against drawing premature conclusions without considering the full context of the underlying data. Spokespersons for several agencies confirmed the accuracy of the figures in separate statements to reporters, and said they welcomed continued scrutiny of the methodology used.",worldnews,"September 5, 2017"
Report: The latest unemployment figures released by the labor department,"Officials confirmed on January 14 that the latest unemployment figures released by the labor department will move forward after months of deliberation. According to a statement released by the relevant department, the decision was reached following extensive consultation with stakeholders and independent experts. Analysts say the move reflects a broader effort to address long-standing concerns raised by the public and industry groups alike. The department added that further details would be released in the coming weeks, and that an implementation timeline would be published once final approvals are completed. Representatives from opposing parties offered measured responses, with several requesting additional clarification before the next session.",businessNews,"Saturday, 2017"
Report: The quarterly earnings report from a major technology company,"Officials confirmed on November 2 that the quarterly earnings report from a major technology company will move forward after months of deliberation. According to a statement released by the relevant department, the decision was reached following extensive consultation with stakeholders and independent experts. Analysts say the move reflects a broader effort to address long-standing concerns raised by the public and industry groups alike. The department added that further details would be released in the coming weeks, and that an implementation timeline would be published once final approvals are completed. Representatives from opposing parties offered measured responses, with several requesting additional clarification before the next session.",worldnews,"Wednesday, 2017"
Report: The parliamentary vote on the proposed infrastructure bill,"Officials confirmed on August 11 that the parliamentary vote on the proposed infrastructure bill will move forward after months of deliberation. According to a statement released by the relevant department, the decision was reached following extensive consultation with stakeholders and independent experts. Analysts say the move reflects a broader effort to address long-standing concerns raised by the public and industry groups alike. The department added that further details would be released in the coming weeks, and that an implementation timeline would be published once final approvals are completed. Representatives from opposing parties offered measured responses, with several requesting additional clarification before the next session.",politicsNews,"Friday, 2017"
Report: A newly published peer-reviewed study on climate trends,"Government representatives announced on October 18 that a newly published peer-reviewed study on climate trends had been finalized after a series of negotiations that spanned several weeks. In a joint press briefing, officials outlined the next steps and answered questions from journalists regarding implementation and oversight. Independent observers noted that the process had followed standard procedural guidelines, and several policy analysts said the outcome was consistent with expectations based on prior public statements.",businessNews,"February 22, 2017"
Report: The results of the national census,"According to documents reviewed by reporters, the results of the national census is expected to proceed as scheduled following approval on September 5. The relevant authority stated that all procedural requirements had been met, and that a formal announcement would follow once remaining administrative steps were completed. Several experts interviewed for this report said the development was in line with broader trends observed over the past year, while cautioning that final figures could be subject to revision.",politicsNews,"August 11, 2017"
Report: The city council's approval of a new public transit expansion,"A report published on June 3 detailed the findings related to the city council's approval of a new public transit expansion, noting that the data had been reviewed by multiple independent analysts prior to release. The report's authors emphasized that the conclusions were based on verified figures collected over several months, and cautioned against drawing premature conclusions without considering the full context of the underlying data. Spokespersons for several agencies confirmed the accuracy of the figures in separate statements to reporters, and said they welcomed continued scrutiny of the methodology used.",politicsNews,"October 18, 2017"
Report: The finance minister's budget announcement for the upcoming fiscal year,"A report published on Wednesday detailed the findings related to the finance minister's budget announcement for the upcoming fiscal year, noting that the data had been reviewed by multiple independent analysts prior to release. The report's authors emphasized that the conclusions were based on verified figures collected over several months, and cautioned against drawing premature conclusions without considering the full context of the underlying data. Spokespersons for several agencies confirmed the accuracy of the figures in separate statements to reporters, and said they welcomed continued scrutiny of the methodology used.",worldnews,"July 26, 2017"
Report: Ongoing diplomatic talks aimed at easing regional tensions,"Government representatives announced on Monday that ongoing diplomatic talks aimed at easing regional tensions had been finalized after a series of negotiations that spanned several weeks. In a joint press briefing, officials outlined the next steps and answered questions from journalists regarding implementation and oversight. Independent observers noted that the process had followed standard procedural guidelines, and several policy analysts said the outcome was consistent with expectations based on prior public statements.",worldnews,"March 9, 2017"
Report: The central election commission's certification of results,"According to documents reviewed by reporters, the central election commission's certification of results is expected to proceed as scheduled following approval on Friday. The relevant authority stated that all procedural requirements had been met, and that a formal announcement would follow once remaining administrative steps were completed. Several experts interviewed for this report said the development was in line with broader trends observed over the past year, while cautioning that final figures could be subject to revision.",worldnews,"November 2, 2017"
Report: A newly published peer-reviewed study on climate trends,"Government representatives announced on April 30 that a newly published peer-reviewed study on climate trends had been finalized after a series of negotiations that spanned several weeks. In a joint press briefing, officials outlined the next steps and answered questions from journalists regarding implementation and oversight. Independent observers noted that the process had followed standard procedural guidelines, and several policy analysts said the outcome was consistent with expectations based on prior public statements.",businessNews,"November 2, 2017"
Report: The results of the national census,"According to documents reviewed by reporters, the results of the national census is expected to proceed as scheduled following approval on April 30. The relevant authority stated that all procedural requirements had been met, and that a formal announcement would follow once remaining administrative steps were completed. Several experts interviewed for this report said the development was in line with broader trends observed over the past year, while cautioning that final figures could be subject to revision.",politicsNews,"January 14, 2017"
Report: The health ministry's updated vaccination guidelines,"According to documents reviewed by reporters, the health ministry's updated vaccination guidelines is expected to proceed as scheduled following approval on January 14. The relevant authority stated that all procedural requirements had been met, and that a formal announcement would follow once remaining administrative steps were completed. Several experts interviewed for this report said the development was in line with broader trends observed over the past year, while cautioning that final figures could be subject to revision.",worldnews,"Tuesday, 2017"
Report: Ongoing diplomatic talks aimed at easing regional tensions,"According to documents reviewed by reporters, ongoing diplomatic talks aimed at easing regional tensions is expected to proceed as scheduled following approval on June 3. The relevant authority stated that all procedural requirements had been met, and that a formal announcement would follow once remaining administrative steps were completed. Several experts interviewed for this report said the development was in line with broader trends observed over the past year, while cautioning that final figures could be subject to revision.",worldnews,"Friday, 2017"
Report: A newly published peer-reviewed study on climate trends,"Officials confirmed on Friday that a newly published peer-reviewed study on climate trends will move forward after months of deliberation. According to a statement released by the relevant department, the decision was reached following extensive consultation with stakeholders and independent experts. Analysts say the move reflects a broader effort to address long-standing concerns raised by the public and industry groups alike. The department added that further details would be released in the coming weeks, and that an implementation timeline would be published once final approvals are completed. Representatives from opposing parties offered measured responses, with several requesting additional clarification before the next session.",businessNews,"December 21, 2017"
Report: Ongoing diplomatic talks aimed at easing regional tensions,"Officials confirmed on August 11 that ongoing diplomatic talks aimed at easing regional tensions will move forward after months of deliberation. According to a statement released by the relevant department, the decision was reached following extensive consultation with stakeholders and independent experts. Analysts say the move reflects a broader effort to address long-standing concerns raised by the public and industry groups alike. The department added that further details would be released in the coming weeks, and that an implementation timeline would be published once final approvals are completed. Representatives from opposing parties offered measured responses, with several requesting additional clarification before the next session.",politicsNews,"October 18, 2017"
Report: A report from the national weather service regarding the storm system,"According to documents reviewed by reporters, a report from the national weather service regarding the storm system is expected to proceed as scheduled following approval on Monday. The relevant authority stated that all procedural requirements had been met, and that a formal announcement would follow once remaining administrative steps were completed. Several experts interviewed for this report said the development was in line with broader trends observed over the past year, while cautioning that final figures could be subject to revision.",businessNews,"Friday, 2017"
Report: The results of the national census,"A report published on Wednesday detailed the findings related to the results of the national census, noting that the data had been reviewed by multiple independent analysts prior to release. The report's authors emphasized that the conclusions were based on verified figures collected over several months, and cautioned against drawing premature conclusions without considering the full context of the underlying data. Spokespersons for several agencies confirmed the accuracy of the figures in separate statements to reporters, and said they welcomed continued scrutiny of the methodology used.",worldnews,"February 22, 2017"
Report: Ongoing diplomatic talks aimed at easing regional tensions,"According to documents reviewed by reporters, ongoing diplomatic talks aimed at easing regional tensions is expected to proceed as scheduled following approval on Wednesday. The relevant authority stated that all procedural requirements had been met, and that a formal announcement would follow once remaining administrative steps were completed. Several experts interviewed for this report said the development was in line with broader trends observed over the past year, while cautioning that final figures could be subject to revision.",worldnews,"November 2, 2017"
Report: The results of the national census,"Government representatives announced on September 5 that the results of the national census had been finalized after a series of negotiations that spanned several weeks. In a joint press briefing, officials outlined the next steps and answered questions from journalists regarding implementation and oversight. Independent observers noted that the process had followed standard procedural guidelines, and several policy analysts said the outcome was consistent with expectations based on prior public statements.",businessNews,"Tuesday, 2017"
Report: The health ministry's updated vaccination guidelines,"Officials confirmed on January 14 that the health ministry's updated vaccination guidelines will move forward after months of deliberation. According to a statement released by the relevant department, the decision was reached following extensive consultation with stakeholders and independent experts. Analysts say the move reflects a broader effort to address long-standing concerns raised by the public and industry groups alike. The department added that further details would be released in the coming weeks, and that an implementation timeline would be published once final approvals are completed. Representatives from opposing parties offered measured responses, with several requesting additional clarification before the next session.",businessNews,"March 9, 2017"
Report: The parliamentary vote on the proposed infrastructure bill,"Officials confirmed on July 26 that the parliamentary vote on the proposed infrastructure bill will move forward after months of deliberation. According to a statement released by the relevant department, the decision was reached following extensive consultation with stakeholders and independent experts. Analysts say the move reflects a broader effort to address long-standing concerns raised by the public and industry groups alike. The department added that further details would be released in the coming weeks, and that an implementation timeline would be published once final approvals are completed. Representatives from opposing parties offered measured responses, with several requesting additional clarification before the next session.",politicsNews,"Thursday, 2017"
Report: A newly published peer-reviewed study on climate trends,"A report published on March 9 detailed the findings related to a newly published peer-reviewed study on climate trends, noting that the data had been reviewed by multiple independent analysts prior to release. The report's authors emphasized that the conclusions were based on verified figures collected over several months, and cautioned against drawing premature conclusions without considering the full context of the underlying data. Spokespersons for several agencies confirmed the accuracy of the figures in separate statements to reporters, and said they welcomed continued scrutiny of the methodology used.",politicsNews,"Tuesday, 2017"
Report: Ongoing diplomatic talks aimed at easing regional tensions,"Officials confirmed on March 9 that ongoing diplomatic talks aimed at easing regional tensions will move forward after months of deliberation. According to a statement released by the relevant department, the decision was reached following extensive consultation with stakeholders and independent experts. Analysts say the move reflects a broader effort to address long-standing concerns raised by the public and industry groups alike. The department added that further details would be released in the coming weeks, and that an implementation timeline would be published once final approvals are completed. Representatives from opposing parties offered measured responses, with several requesting additional clarification before the next session.",worldnews,"May 17, 2017"
Report: The results of the national census,"A report published on January 14 detailed the findings related to the results of the national census, noting that the data had been reviewed by multiple independent analysts prior to release. The report's authors emphasized that the conclusions were based on verified figures collected over several months, and cautioned against drawing premature conclusions without considering the full context of the underlying data. Spokespersons for several agencies confirmed the accuracy of the figures in separate statements to reporters, and said they welcomed continued scrutiny of the methodology used.",businessNews,"July 26, 2017"
Report: The health ministry's updated vaccination guidelines,"A report published on Saturday detailed the findings related to the health ministry's updated vaccination guidelines, noting that the data had been reviewed by multiple independent analysts prior to release. The report's authors emphasized that the conclusions were based on verified figures collected over several months, and cautioned against drawing premature conclusions without considering the full context of the underlying data. Spokespersons for several agencies confirmed the accuracy of the figures in separate statements to reporters, and said they welcomed continued scrutiny of the methodology used.",politicsNews,"Wednesday, 2017"
Report: The health ministry's updated vaccination guidelines,"According to documents reviewed by reporters, the health ministry's updated vaccination guidelines is expected to proceed as scheduled following approval on January 14. The relevant authority stated that all procedural requirements had been met, and that a formal announcement would follow once remaining administrative steps were completed. Several experts interviewed for this report said the development was in line with broader trends observed over the past year, while cautioning that final figures could be subject to revision.",worldnews,"December 21, 2017"
Report: A new trade agreement signed between two countries,"A report published on August 11 detailed the findings related to a new trade agreement signed between two countries, noting that the data had been reviewed by multiple independent analysts prior to release. The report's authors emphasized that the conclusions were based on verified figures collected over several months, and cautioned against drawing premature conclusions without considering the full context of the underlying data. Spokespersons for several agencies confirmed the accuracy of the figures in separate statements to reporters, and said they welcomed continued scrutiny of the methodology used.",businessNews,"February 22, 2017"
Report: A newly published peer-reviewed study on climate trends,"Government representatives announced on Monday that a newly published peer-reviewed study on climate trends had been finalized after a series of negotiations that spanned several weeks. In a joint press briefing, officials outlined the next steps and answered questions from journalists regarding implementation and oversight. Independent observers noted that the process had followed standard procedural guidelines, and several policy analysts said the outcome was consistent with expectations based on prior public statements.",worldnews,"March 9, 2017"
Report: The supreme court's ruling on a long-running constitutional case,"A report published on Wednesday detailed the findings related to the supreme court's ruling on a long-running constitutional case, noting that the data had been reviewed by multiple independent analysts prior to release. The report's authors emphasized that the conclusions were based on verified figures collected over several months, and cautioned against drawing premature conclusions without considering the full context of the underlying data. Spokespersons for several agencies confirmed the accuracy of the figures in separate statements to reporters, and said they welcomed continued scrutiny of the methodology used.",worldnews,"May 17, 2017"
Report: The health ministry's updated vaccination guidelines,"Government representatives announced on July 26 that the health ministry's updated vaccination guidelines had been finalized after a series of negotiations that spanned several weeks. In a joint press briefing, officials outlined the next steps and answered questions from journalists regarding implementation and oversight. Independent observers noted that the process had followed standard procedural guidelines, and several policy analysts said the outcome was consistent with expectations based on prior public statements.",businessNews,"February 22, 2017"
Report: A newly published peer-reviewed study on climate trends,"Government representatives announced on Sunday that a newly published peer-reviewed study on climate trends had been finalized after a series of negotiations that spanned several weeks. In a joint press briefing, officials outlined the next steps and answered questions from journalists regarding implementation and oversight. Independent observers noted that the process had followed standard procedural guidelines, and several policy analysts said the outcome was consistent with expectations based on prior public statements.",worldnews,"September 5, 2017"
Report: The latest unemployment figures released by the labor department,"A report published on June 3 detailed the findings related to the latest unemployment figures released by the labor department, noting that the data had been reviewed by multiple independent analysts prior to release. The report's authors emphasized that the conclusions were based on verified figures collected over several months, and cautioned against drawing premature conclusions without considering the full context of the underlying data. Spokespersons for several agencies confirmed the accuracy of the figures in separate statements to reporters, and said they welcomed continued scrutiny of the methodology used.",businessNews,"May 17, 2017"
Report: The health ministry's updated vaccination guidelines,"Government representatives announced on March 9 that the health ministry's updated vaccination guidelines had been finalized after a series of negotiations that spanned several weeks. In a joint press briefing, officials outlined the next steps and answered questions from journalists regarding implementation and oversight. Independent observers noted that the process had followed standard procedural guidelines, and several policy analysts said the outcome was consistent with expectations based on prior public statements.",politicsNews,"June 3, 2017"
Report: The quarterly earnings report from a major technology company,"Officials confirmed on December 21 that the quarterly earnings report from a major technology company will move forward after months of deliberation. According to a statement released by the relevant department, the decision was reached following extensive consultation with stakeholders and independent experts. Analysts say the move reflects a broader effort to address long-standing concerns raised by the public and industry groups alike. The department added that further details would be released in the coming weeks, and that an implementation timeline would be published once final approvals are completed. Representatives from opposing parties offered measured responses, with several requesting additional clarification before the next session.",businessNews,"Tuesday, 2017"
Report: A report from the national weather service regarding the storm system,"According to documents reviewed by reporters, a report from the national weather service regarding the storm system is expected to proceed as scheduled following approval on March 9. The relevant authority stated that all procedural requirements had been met, and that a formal announcement would follow once remaining administrative steps were completed. Several experts interviewed for this report said the development was in line with broader trends observed over the past year, while cautioning that final figures could be subject to revision.",politicsNews,"May 17, 2017"
Report: The parliamentary vote on the proposed infrastructure bill,"A report published on February 22 detailed the findings related to the parliamentary vote on the proposed infrastructure bill, noting that the data had been reviewed by multiple independent analysts prior to release. The report's authors emphasized that the conclusions were based on verified figures collected over several months, and cautioned against drawing premature conclusions without considering the full context of the underlying data. Spokespersons for several agencies confirmed the accuracy of the figures in separate statements to reporters, and said they welcomed continued scrutiny of the methodology used.",businessNews,"Friday, 2017"
Report: The supreme court's ruling on a long-running constitutional case,"Officials confirmed on Tuesday that the supreme court's ruling on a long-running constitutional case will move forward after months of deliberation. According to a statement released by the relevant department, the decision was reached following extensive consultation with stakeholders and independent experts. Analysts say the move reflects a broader effort to address long-standing concerns raised by the public and industry groups alike. The department added that further details would be released in the coming weeks, and that an implementation timeline would be published once final approvals are completed. Representatives from opposing parties offered measured responses, with several requesting additional clarification before the next session.",worldnews,"August 11, 2017"
Report: The central bank's interest rate decision,"Government representatives announced on Friday that the central bank's interest rate decision had been finalized after a series of negotiations that spanned several weeks. In a joint press briefing, officials outlined the next steps and answered questions from journalists regarding implementation and oversight. Independent observers noted that the process had followed standard procedural guidelines, and several policy analysts said the outcome was consistent with expectations based on prior public statements.",politicsNews,"March 9, 2017"
Report: Ongoing diplomatic talks aimed at easing regional tensions,"According to documents reviewed by reporters, ongoing diplomatic talks aimed at easing regional tensions is expected to proceed as scheduled following approval on Saturday. The relevant authority stated that all procedural requirements had been met, and that a formal announcement would follow once remaining administrative steps were completed. Several experts interviewed for this report said the development was in line with broader trends observed over the past year, while cautioning that final figures could be subject to revision.",politicsNews,"Friday, 2017"
Report: A joint statement issued after the regional summit,"Government representatives announced on October 18 that a joint statement issued after the regional summit had been finalized after a series of negotiations that spanned several weeks. In a joint press briefing, officials outlined the next steps and answered questions from journalists regarding implementation and oversight. Independent observers noted that the process had followed standard procedural guidelines, and several policy analysts said the outcome was consistent with expectations based on prior public statements.",businessNews,"February 22, 2017"
Report: The central election commission's certification of results,"A report published on February 22 detailed the findings related to the central election commission's certification of results, noting that the data had been reviewed by multiple independent analysts prior to release. The report's authors emphasized that the conclusions were based on verified figures collected over several months, and cautioned against drawing premature conclusions without considering the full context of the underlying data. Spokespersons for several agencies confirmed the accuracy of the figures in separate statements to reporters, and said they welcomed continued scrutiny of the methodology used.",worldnews,"March 9, 2017"
Report: The finance minister's budget announcement for the upcoming fiscal year,"Government representatives announced on Thursday that the finance minister's budget announcement for the upcoming fiscal year had been finalized after a series of negotiations that spanned several weeks. In a joint press briefing, officials outlined the next steps and answered questions from journalists regarding implementation and oversight. Independent observers noted that the process had followed standard procedural guidelines, and several policy analysts said the outcome was consistent with expectations based on prior public statements.",worldnews,"Wednesday, 2017"
Report: A new trade agreement signed between two countries,"A report published on June 3 detailed the findings related to a new trade agreement signed between two countries, noting that the data had been reviewed by multiple independent analysts prior to release. The report's authors emphasized that the conclusions were based on verified figures collected over several months, and cautioned against drawing premature conclusions without considering the full context of the underlying data. Spokespersons for several agencies confirmed the accuracy of the figures in separate statements to reporters, and said they welcomed continued scrutiny of the methodology used.",businessNews,"May 17, 2017"
Report: The latest unemployment figures released by the labor department,"According to documents reviewed by reporters, the latest unemployment figures released by the labor department is expected to proceed as scheduled following approval on Monday. The relevant authority stated that all procedural requirements had been met, and that a formal announcement would follow once remaining administrative steps were completed. Several experts interviewed for this report said the development was in line with broader trends observed over the past year, while cautioning that final figures could be subject to revision.",worldnews,"November 2, 2017"
Report: The latest unemployment figures released by the labor department,"According to documents reviewed by reporters, the latest unemployment figures released by the labor department is expected to proceed as scheduled following approval on May 17. The relevant authority stated that all procedural requirements had been met, and that a formal announcement would follow once remaining administrative steps were completed. Several experts interviewed for this report said the development was in line with broader trends observed over the past year, while cautioning that final figures could be subject to revision.",businessNews,"February 22, 2017"
Report: The health ministry's updated vaccination guidelines,"According to documents reviewed by reporters, the health ministry's updated vaccination guidelines is expected to proceed as scheduled following approval on May 17. The relevant authority stated that all procedural requirements had been met, and that a formal announcement would follow once remaining administrative steps were completed. Several experts interviewed for this report said the development was in line with broader trends observed over the past year, while cautioning that final figures could be subject to revision.",politicsNews,"January 14, 2017"
Report: A newly published peer-reviewed study on climate trends,"Officials confirmed on November 2 that a newly published peer-reviewed study on climate trends will move forward after months of deliberation. According to a statement released by the relevant department, the decision was reached following extensive consultation with stakeholders and independent experts. Analysts say the move reflects a broader effort to address long-standing concerns raised by the public and industry groups alike. The department added that further details would be released in the coming weeks, and that an implementation timeline would be published once final approvals are completed. Representatives from opposing parties offered measured responses, with several requesting additional clarification before the next session.",worldnews,"January 14, 2017"
Report: The supreme court's ruling on a long-running constitutional case,"Officials confirmed on August 11 that the supreme court's ruling on a long-running constitutional case will move forward after months of deliberation. According to a statement released by the relevant department, the decision was reached following extensive consultation with stakeholders and independent experts. Analysts say the move reflects a broader effort to address long-standing concerns raised by the public and industry groups alike. The department added that further details would be released in the coming weeks, and that an implementation timeline would be published once final approvals are completed. Representatives from opposing parties offered measured responses, with several requesting additional clarification before the next session.",businessNews,"March 9, 2017"
Report: The supreme court's ruling on a long-running constitutional case,"According to documents reviewed by reporters, the supreme court's ruling on a long-running constitutional case is expected to proceed as scheduled following approval on Thursday. The relevant authority stated that all procedural requirements had been met, and that a formal announcement would follow once remaining administrative steps were completed. Several experts interviewed for this report said the development was in line with broader trends observed over the past year, while cautioning that final figures could be subject to revision.",politicsNews,"Tuesday, 2017"
Report: The central bank's interest rate decision,"Government representatives announced on September 5 that the central bank's interest rate decision had been finalized after a series of negotiations that spanned several weeks. In a joint press briefing, officials outlined the next steps and answered questions from journalists regarding implementation and oversight. Independent observers noted that the process had followed standard procedural guidelines, and several policy analysts said the outcome was consistent with expectations based on prior public statements.",politicsNews,"Thursday, 2017"
Report: The parliamentary vote on the proposed infrastructure bill,"A report published on June 3 detailed the findings related to the parliamentary vote on the proposed infrastructure bill, noting that the data had been reviewed by multiple independent analysts prior to release. The report's authors emphasized that the conclusions were based on verified figures collected over several months, and cautioned against drawing premature conclusions without considering the full context of the underlying data. Spokespersons for several agencies confirmed the accuracy of the figures in separate statements to reporters, and said they welcomed continued scrutiny of the methodology used.",worldnews,"May 17, 2017"
Report: The supreme court's ruling on a long-running constitutional case,"According to documents reviewed by reporters, the supreme court's ruling on a long-running constitutional case is expected to proceed as scheduled following approval on December 21. The relevant authority stated that all procedural requirements had been met, and that a formal announcement would follow once remaining administrative steps were completed. Several experts interviewed for this report said the development was in line with broader trends observed over the past year, while cautioning that final figures could be subject to revision.",businessNews,"Friday, 2017"
Report: A report from the national weather service regarding the storm system,"According to documents reviewed by reporters, a report from the national weather service regarding the storm system is expected to proceed as scheduled following approval on Thursday. The relevant authority stated that all procedural requirements had been met, and that a formal announcement would follow once remaining administrative steps were completed. Several experts interviewed for this report said the development was in line with broader trends observed over the past year, while cautioning that final figures could be subject to revision.",worldnews,"July 26, 2017"
Report: The quarterly earnings report from a major technology company,"Officials confirmed on May 17 that the quarterly earnings report from a major technology company will move forward after months of deliberation. According to a statement released by the relevant department, the decision was reached following extensive consultation with stakeholders and independent experts. Analysts say the move reflects a broader effort to address long-standing concerns raised by the public and industry groups alike. The department added that further details would be released in the coming weeks, and that an implementation timeline would be published once final approvals are completed. Representatives from opposing parties offered measured responses, with several requesting additional clarification before the next session.",politicsNews,"August 11, 2017"
Report: A newly published peer-reviewed study on climate trends,"A report published on May 17 detailed the findings related to a newly published peer-reviewed study on climate trends, noting that the data had been reviewed by multiple independent analysts prior to release. The report's authors emphasized that the conclusions were based on verified figures collected over several months, and cautioned against drawing premature conclusions without considering the full context of the underlying data. Spokespersons for several agencies confirmed the accuracy of the figures in separate statements to reporters, and said they welcomed continued scrutiny of the methodology used.",politicsNews,"May 17, 2017"
Report: The city council's approval of a new public transit expansion,"Government representatives announced on Tuesday that the city council's approval of a new public transit expansion had been finalized after a series of negotiations that spanned several weeks. In a joint press briefing, officials outlined the next steps and answered questions from journalists regarding implementation and oversight. Independent observers noted that the process had followed standard procedural guidelines, and several policy analysts said the outcome was consistent with expectations based on prior public statements.",worldnews,"February 22, 2017"
Report: The parliamentary vote on the proposed infrastructure bill,"Officials confirmed on August 11 that the parliamentary vote on the proposed infrastructure bill will move forward after months of deliberation. According to a statement released by the relevant department, the decision was reached following extensive consultation with stakeholders and independent experts. Analysts say the move reflects a broader effort to address long-standing concerns raised by the public and industry groups alike. The department added that further details would be released in the coming weeks, and that an implementation timeline would be published once final approvals are completed. Representatives from opposing parties offered measured responses, with several requesting additional clarification before the next session.",politicsNews,"Sunday, 2017"
Report: The supreme court's ruling on a long-running constitutional case,"Officials confirmed on Tuesday that the supreme court's ruling on a long-running constitutional case will move forward after months of deliberation. According to a statement released by the relevant department, the decision was reached following extensive consultation with stakeholders and independent experts. Analysts say the move reflects a broader effort to address long-standing concerns raised by the public and industry groups alike. The department added that further details would be released in the coming weeks, and that an implementation timeline would be published once final approvals are completed. Representatives from opposing parties offered measured responses, with several requesting additional clarification before the next session.",worldnews,"January 14, 2017"
Report: A new trade agreement signed between two countries,"A report published on Wednesday detailed the findings related to a new trade agreement signed between two countries, noting that the data had been reviewed by multiple independent analysts prior to release. The report's authors emphasized that the conclusions were based on verified figures collected over several months, and cautioned against drawing premature conclusions without considering the full context of the underlying data. Spokespersons for several agencies confirmed the accuracy of the figures in separate statements to reporters, and said they welcomed continued scrutiny of the methodology used.",businessNews,"Sunday, 2017"
Report: The health ministry's updated vaccination guidelines,"A report published on January 14 detailed the findings related to the health ministry's updated vaccination guidelines, noting that the data had been reviewed by multiple independent analysts prior to release. The report's authors emphasized that the conclusions were based on verified figures collected over several months, and cautioned against drawing premature conclusions without considering the full context of the underlying data. Spokespersons for several agencies confirmed the accuracy of the figures in separate statements to reporters, and said they welcomed continued scrutiny of the methodology used.",worldnews,"Friday, 2017"
Report: A joint statement issued after the regional summit,"Officials confirmed on February 22 that a joint statement issued after the regional summit will move forward after months of deliberation. According to a statement released by the relevant department, the decision was reached following extensive consultation with stakeholders and independent experts. Analysts say the move reflects a broader effort to address long-standing concerns raised by the public and industry groups alike. The department added that further details would be released in the coming weeks, and that an implementation timeline would be published once final approvals are completed. Representatives from opposing parties offered measured responses, with several requesting additional clarification before the next session.",politicsNews,"Friday, 2017"
Report: The city council's approval of a new public transit expansion,"Government representatives announced on Saturday that the city council's approval of a new public transit expansion had been finalized after a series of negotiations that spanned several weeks. In a joint press briefing, officials outlined the next steps and answered questions from journalists regarding implementation and oversight. Independent observers noted that the process had followed standard procedural guidelines, and several policy analysts said the outcome was consistent with expectations based on prior public statements.",politicsNews,"Monday, 2017"
Report: A new trade agreement signed between two countries,"Officials confirmed on May 17 that a new trade agreement signed between two countries will move forward after months of deliberation. According to a statement released by the relevant department, the decision was reached following extensive consultation with stakeholders and independent experts. Analysts say the move reflects a broader effort to address long-standing concerns raised by the public and industry groups alike. The department added that further details would be released in the coming weeks, and that an implementation timeline would be published once final approvals are completed. Representatives from opposing parties offered measured responses, with several requesting additional clarification before the next session.",politicsNews,"December 21, 2017"
Report: Ongoing diplomatic talks aimed at easing regional tensions,"Officials confirmed on Saturday that ongoing diplomatic talks aimed at easing regional tensions will move forward after months of deliberation. According to a statement released by the relevant department, the decision was reached following extensive consultation with stakeholders and independent experts. Analysts say the move reflects a broader effort to address long-standing concerns raised by the public and industry groups alike. The department added that further details would be released in the coming weeks, and that an implementation timeline would be published once final approvals are completed. Representatives from opposing parties offered measured responses, with several requesting additional clarification before the next session.",worldnews,"Tuesday, 2017"
Report: A new trade agreement signed between two countries,"According to documents reviewed by reporters, a new trade agreement signed between two countries is expected to proceed as scheduled following approval on October 18. The relevant authority stated that all procedural requirements had been met, and that a formal announcement would follow once remaining administrative steps were completed. Several experts interviewed for this report said the development was in line with broader trends observed over the past year, while cautioning that final figures could be subject to revision.",politicsNews,"Wednesday, 2017"
Report: A newly published peer-reviewed study on climate trends,"According to documents reviewed by reporters, a newly published peer-reviewed study on climate trends is expected to proceed as scheduled following approval on May 17. The relevant authority stated that all procedural requirements had been met, and that a formal announcement would follow once remaining administrative steps were completed. Several experts interviewed for this report said the development was in line with broader trends observed over the past year, while cautioning that final figures could be subject to revision.",businessNews,"December 21, 2017"
Report: The latest unemployment figures released by the labor department,"According to documents reviewed by reporters, the latest unemployment figures released by the labor department is expected to proceed as scheduled following approval on October 18. The relevant authority stated that all procedural requirements had been met, and that a formal announcement would follow once remaining administrative steps were completed. Several experts interviewed for this report said the development was in line with broader trends observed over the past year, while cautioning that final figures could be subject to revision.",politicsNews,"Tuesday, 2017"
Report: The finance minister's budget announcement for the upcoming fiscal year,"Government representatives announced on August 11 that the finance minister's budget announcement for the upcoming fiscal year had been finalized after a series of negotiations that spanned several weeks. In a joint press briefing, officials outlined the next steps and answered questions from journalists regarding implementation and oversight. Independent observers noted that the process had followed standard procedural guidelines, and several policy analysts said the outcome was consistent with expectations based on prior public statements.",businessNews,"Monday, 2017"
Report: The central bank's interest rate decision,"According to documents reviewed by reporters, the central bank's interest rate decision is expected to proceed as scheduled following approval on June 3. The relevant authority stated that all procedural requirements had been met, and that a formal announcement would follow once remaining administrative steps were completed. Several experts interviewed for this report said the development was in line with broader trends observed over the past year, while cautioning that final figures could be subject to revision.",worldnews,"Thursday, 2017"
Report: A newly published peer-reviewed study on climate trends,"According to documents reviewed by reporters, a newly published peer-reviewed study on climate trends is expected to proceed as scheduled following approval on Wednesday. The relevant authority stated that all procedural requirements had been met, and that a formal announcement would follow once remaining administrative steps were completed. Several experts interviewed for this report said the development was in line with broader trends observed over the past year, while cautioning that final figures could be subject to revision.",politicsNews,"April 30, 2017"
Report: The health ministry's updated vaccination guidelines,"A report published on Wednesday detailed the findings related to the health ministry's updated vaccination guidelines, noting that the data had been reviewed by multiple independent analysts prior to release. The report's authors emphasized that the conclusions were based on verified figures collected over several months, and cautioned against drawing premature conclusions without considering the full context of the underlying data. Spokespersons for several agencies confirmed the accuracy of the figures in separate statements to reporters, and said they welcomed continued scrutiny of the methodology used.",politicsNews,"February 22, 2017"
Report: The health ministry's updated vaccination guidelines,"Government representatives announced on June 3 that the health ministry's updated vaccination guidelines had been finalized after a series of negotiations that spanned several weeks. In a joint press briefing, officials outlined the next steps and answered questions from journalists regarding implementation and oversight. Independent observers noted that the process had followed standard procedural guidelines, and several policy analysts said the outcome was consistent with expectations based on prior public statements.",businessNews,"October 18, 2017"
Report: The quarterly earnings report from a major technology company,"According to documents reviewed by reporters, the quarterly earnings report from a major technology company is expected to proceed as scheduled following approval on October 18. The relevant authority stated that all procedural requirements had been met, and that a formal announcement would follow once remaining administrative steps were completed. Several experts interviewed for this report said the development was in line with broader trends observed over the past year, while cautioning that final figures could be subject to revision.",businessNews,"July 26, 2017"
Report: The latest unemployment figures released by the labor department,"Officials confirmed on November 2 that the latest unemployment figures released by the labor department will move forward after months of deliberation. According to a statement released by the relevant department, the decision was reached following extensive consultation with stakeholders and independent experts. Analysts say the move reflects a broader effort to address long-standing concerns raised by the public and industry groups alike. The department added that further details would be released in the coming weeks, and that an implementation timeline would be published once final approvals are completed. Representatives from opposing parties offered measured responses, with several requesting additional clarification before the next session.",businessNews,"Sunday, 2017"
Report: The results of the national census,"According to documents reviewed by reporters, the results of the national census is expected to proceed as scheduled following approval on January 14. The relevant authority stated that all procedural requirements had been met, and that a formal announcement would follow once remaining administrative steps were completed. Several experts interviewed for this report said the development was in line with broader trends observed over the past year, while cautioning that final figures could be subject to revision.",worldnews,"April 30, 2017"
Report: The central election commission's certification of results,"According to documents reviewed by reporters, the central election commission's certification of results is expected to proceed as scheduled following approval on June 3. The relevant authority stated that all procedural requirements had been met, and that a formal announcement would follow once remaining administrative steps were completed. Several experts interviewed for this report said the development was in line with broader trends observed over the past year, while cautioning that final figures could be subject to revision.",worldnews,"Thursday, 2017"
Report: Ongoing diplomatic talks aimed at easing regional tensions,"According to documents reviewed by reporters, ongoing diplomatic talks aimed at easing regional tensions is expected to proceed as scheduled following approval on April 30. The relevant authority stated that all procedural requirements had been met, and that a formal announcement would follow once remaining administrative steps were completed. Several experts interviewed for this report said the development was in line with broader trends observed over the past year, while cautioning that final figures could be subject to revision.",businessNews,"February 22, 2017"
Report: Ongoing diplomatic talks aimed at easing regional tensions,"A report published on September 5 detailed the findings related to ongoing diplomatic talks aimed at easing regional tensions, noting that the data had been reviewed by multiple independent analysts prior to release. The report's authors emphasized that the conclusions were based on verified figures collected over several months, and cautioned against drawing premature conclusions without considering the full context of the underlying data. Spokespersons for several agencies confirmed the accuracy of the figures in separate statements to reporters, and said they welcomed continued scrutiny of the methodology used.",politicsNews,"Wednesday, 2017"
Report: The central election commission's certification of results,"Officials confirmed on Wednesday that the central election commission's certification of results will move forward after months of deliberation. According to a statement released by the relevant department, the decision was reached following extensive consultation with stakeholders and independent experts. Analysts say the move reflects a broader effort to address long-standing concerns raised by the public and industry groups alike. The department added that further details would be released in the coming weeks, and that an implementation timeline would be published once final approvals are completed. Representatives from opposing parties offered measured responses, with several requesting additional clarification before the next session.",worldnews,"Thursday, 2017"
Report: The finance minister's budget announcement for the upcoming fiscal year,"Government representatives announced on Friday that the finance minister's budget announcement for the upcoming fiscal year had been finalized after a series of negotiations that spanned several weeks. In a joint press briefing, officials outlined the next steps and answered questions from journalists regarding implementation and oversight. Independent observers noted that the process had followed standard procedural guidelines, and several policy analysts said the outcome was consistent with expectations based on prior public statements.",businessNews,"Tuesday, 2017"
Report: The health ministry's updated vaccination guidelines,"Government representatives announced on Thursday that the health ministry's updated vaccination guidelines had been finalized after a series of negotiations that spanned several weeks. In a joint press briefing, officials outlined the next steps and answered questions from journalists regarding implementation and oversight. Independent observers noted that the process had followed standard procedural guidelines, and several policy analysts said the outcome was consistent with expectations based on prior public statements.",worldnews,"May 17, 2017"
Report: The central election commission's certification of results,"According to documents reviewed by reporters, the central election commission's certification of results is expected to proceed as scheduled following approval on Tuesday. The relevant authority stated that all procedural requirements had been met, and that a formal announcement would follow once remaining administrative steps were completed. Several experts interviewed for this report said the development was in line with broader trends observed over the past year, while cautioning that final figures could be subject to revision.",worldnews,"March 9, 2017"
Report: Ongoing diplomatic talks aimed at easing regional tensions,"Officials confirmed on December 21 that ongoing diplomatic talks aimed at easing regional tensions will move forward after months of deliberation. According to a statement released by the relevant department, the decision was reached following extensive consultation with stakeholders and independent experts. Analysts say the move reflects a broader effort to address long-standing concerns raised by the public and industry groups alike. The department added that further details would be released in the coming weeks, and that an implementation timeline would be published once final approvals are completed. Representatives from opposing parties offered measured responses, with several requesting additional clarification before the next session.",businessNews,"Sunday, 2017"
Report: A new trade agreement signed between two countries,"According to documents reviewed by reporters, a new trade agreement signed between two countries is expected to proceed as scheduled following approval on January 14. The relevant authority stated that all procedural requirements had been met, and that a formal announcement would follow once remaining administrative steps were completed. Several experts interviewed for this report said the development was in line with broader trends observed over the past year, while cautioning that final figures could be subject to revision.",politicsNews,"May 17, 2017"
Report: The central election commission's certification of results,"Government representatives announced on Thursday that the central election commission's certification of results had been finalized after a series of negotiations that spanned several weeks. In a joint press briefing, officials outlined the next steps and answered questions from journalists regarding implementation and oversight. Independent observers noted that the process had followed standard procedural guidelines, and several policy analysts said the outcome was consistent with expectations based on prior public statements.",worldnews,"December 21, 2017"
Report: The parliamentary vote on the proposed infrastructure bill,"According to documents reviewed by reporters, the parliamentary vote on the proposed infrastructure bill is expected to proceed as scheduled following approval on November 2. The relevant authority stated that all procedural requirements had been met, and that a formal announcement would follow once remaining administrative steps were completed. Several experts interviewed for this report said the development was in line with broader trends observed over the past year, while cautioning that final figures could be subject to revision.",businessNews,"November 2, 2017"
Report: The central bank's interest rate decision,"Government representatives announced on Monday that the central bank's interest rate decision had been finalized after a series of negotiations that spanned several weeks. In a joint press briefing, officials outlined the next steps and answered questions from journalists regarding implementation and oversight. Independent observers noted that the process had followed standard procedural guidelines, and several policy analysts said the outcome was consistent with expectations based on prior public statements.",politicsNews,"February 22, 2017"
Report: The finance minister's budget announcement for the upcoming fiscal year,"Government representatives announced on April 30 that the finance minister's budget announcement for the upcoming fiscal year had been finalized after a series of negotiations that spanned several weeks. In a joint press briefing, officials outlined the next steps and answered questions from journalists regarding implementation and oversight. Independent observers noted that the process had followed standard procedural guidelines, and several policy analysts said the outcome was consistent with expectations based on prior public statements.",worldnews,"Monday, 2017"
Report: A new trade agreement signed between two countries,"A report published on December 21 detailed the findings related to a new trade agreement signed between two countries, noting that the data had been reviewed by multiple independent analysts prior to release. The report's authors emphasized that the conclusions were based on verified figures collected over several months, and cautioned against drawing premature conclusions without considering the full context of the underlying data. Spokespersons for several agencies confirmed the accuracy of the figures in separate statements to reporters, and said they welcomed continued scrutiny of the methodology used.",businessNews,"June 3, 2017"
Report: The latest unemployment figures released by the labor department,"A report published on Monday detailed the findings related to the latest unemployment figures released by the labor department, noting that the data had been reviewed by multiple independent analysts prior to release. The report's authors emphasized that the conclusions were based on verified figures collected over several months, and cautioned against drawing premature conclusions without considering the full context of the underlying data. Spokespersons for several agencies confirmed the accuracy of the figures in separate statements to reporters, and said they welcomed continued scrutiny of the methodology used.",politicsNews,"October 18, 2017"
Report: The parliamentary vote on the proposed infrastructure bill,"According to documents reviewed by reporters, the parliamentary vote on the proposed infrastructure bill is expected to proceed as scheduled following approval on July 26. The relevant authority stated that all procedural requirements had been met, and that a formal announcement would follow once remaining administrative steps were completed. Several experts interviewed for this report said the development was in line with broader trends observed over the past year, while cautioning that final figures could be subject to revision.",worldnews,"April 30, 2017"
Report: A new trade agreement signed between two countries,"Government representatives announced on March 9 that a new trade agreement signed between two countries had been finalized after a series of negotiations that spanned several weeks. In a joint press briefing, officials outlined the next steps and answered questions from journalists regarding implementation and oversight. Independent observers noted that the process had followed standard procedural guidelines, and several policy analysts said the outcome was consistent with expectations based on prior public statements.",businessNews,"April 30, 2017"
Report: A joint statement issued after the regional summit,"Officials confirmed on Tuesday that a joint statement issued after the regional summit will move forward after months of deliberation. According to a statement released by the relevant department, the decision was reached following extensive consultation with stakeholders and independent experts. Analysts say the move reflects a broader effort to address long-standing concerns raised by the public and industry groups alike. The department added that further details would be released in the coming weeks, and that an implementation timeline would be published once final approvals are completed. Representatives from opposing parties offered measured responses, with several requesting additional clarification before the next session.",politicsNews,"Saturday, 2017"
Report: A joint statement issued after the regional summit,"Officials confirmed on Wednesday that a joint statement issued after the regional summit will move forward after months of deliberation. According to a statement released by the relevant department, the decision was reached following extensive consultation with stakeholders and independent experts. Analysts say the move reflects a broader effort to address long-standing concerns raised by the public and industry groups alike. The department added that further details would be released in the coming weeks, and that an implementation timeline would be published once final approvals are completed. Representatives from opposing parties offered measured responses, with several requesting additional clarification before the next session.",worldnews,"August 11, 2017"
Report: The supreme court's ruling on a long-running constitutional case,"According to documents reviewed by reporters, the supreme court's ruling on a long-running constitutional case is expected to proceed as scheduled following approval on September 5. The relevant authority stated that all procedural requirements had been met, and that a formal announcement would follow once remaining administrative steps were completed. Several experts interviewed for this report said the development was in line with broader trends observed over the past year, while cautioning that final figures could be subject to revision.",businessNews,"August 11, 2017"
Report: The results of the national census,"Government representatives announced on Sunday that the results of the national census had been finalized after a series of negotiations that spanned several weeks. In a joint press briefing, officials outlined the next steps and answered questions from journalists regarding implementation and oversight. Independent observers noted that the process had followed standard procedural guidelines, and several policy analysts said the outcome was consistent with expectations based on prior public statements.",businessNews,"Thursday, 2017"
Report: Ongoing diplomatic talks aimed at easing regional tensions,"According to documents reviewed by reporters, ongoing diplomatic talks aimed at easing regional tensions is expected to proceed as scheduled following approval on Thursday. The relevant authority stated that all procedural requirements had been met, and that a formal announcement would follow once remaining administrative steps were completed. Several experts interviewed for this report said the development was in line with broader trends observed over the past year, while cautioning that final figures could be subject to revision.",worldnews,"December 21, 2017"
Report: A newly published peer-reviewed study on climate trends,"Government representatives announced on Tuesday that a newly published peer-reviewed study on climate trends had been finalized after a series of negotiations that spanned several weeks. In a joint press briefing, officials outlined the next steps and answered questions from journalists regarding implementation and oversight. Independent observers noted that the process had followed standard procedural guidelines, and several policy analysts said the outcome was consistent with expectations based on prior public statements.",politicsNews,"June 3, 2017"
Report: The health ministry's updated vaccination guidelines,"Officials confirmed on Monday that the health ministry's updated vaccination guidelines will move forward after months of deliberation. According to a statement released by the relevant department, the decision was reached following extensive consultation with stakeholders and independent experts. Analysts say the move reflects a broader effort to address long-standing concerns raised by the public and industry groups alike. The department added that further details would be released in the coming weeks, and that an implementation timeline would be published once final approvals are completed. Representatives from opposing parties offered measured responses, with several requesting additional clarification before the next session.",politicsNews,"March 9, 2017"
Report: The parliamentary vote on the proposed infrastructure bill,"A report published on February 22 detailed the findings related to the parliamentary vote on the proposed infrastructure bill, noting that the data had been reviewed by multiple independent analysts prior to release. The report's authors emphasized that the conclusions were based on verified figures collected over several months, and cautioned against drawing premature conclusions without considering the full context of the underlying data. Spokespersons for several agencies confirmed the accuracy of the figures in separate statements to reporters, and said they welcomed continued scrutiny of the methodology used.",worldnews,"April 30, 2017"
Report: The latest unemployment figures released by the labor department,"Officials confirmed on September 5 that the latest unemployment figures released by the labor department will move forward after months of deliberation. According to a statement released by the relevant department, the decision was reached following extensive consultation with stakeholders and independent experts. Analysts say the move reflects a broader effort to address long-standing concerns raised by the public and industry groups alike. The department added that further details would be released in the coming weeks, and that an implementation timeline would be published once final approvals are completed. Representatives from opposing parties offered measured responses, with several requesting additional clarification before the next session.",businessNews,"July 26, 2017"
Report: A new trade agreement signed between two countries,"A report published on June 3 detailed the findings related to a new trade agreement signed between two countries, noting that the data had been reviewed by multiple independent analysts prior to release. The report's authors emphasized that the conclusions were based on verified figures collected over several months, and cautioned against drawing premature conclusions without considering the full context of the underlying data. Spokespersons for several agencies confirmed the accuracy of the figures in separate statements to reporters, and said they welcomed continued scrutiny of the methodology used.",businessNews,"January 14, 2017"
Report: The city council's approval of a new public transit expansion,"Government representatives announced on Wednesday that the city council's approval of a new public transit expansion had been finalized after a series of negotiations that spanned several weeks. In a joint press briefing, officials outlined the next steps and answered questions from journalists regarding implementation and oversight. Independent observers noted that the process had followed standard procedural guidelines, and several policy analysts said the outcome was consistent with expectations based on prior public statements.",worldnews,"Tuesday, 2017"
Report: The results of the national census,"Officials confirmed on August 11 that the results of the national census will move forward after months of deliberation. According to a statement released by the relevant department, the decision was reached following extensive consultation with stakeholders and independent experts. Analysts say the move reflects a broader effort to address long-standing concerns raised by the public and industry groups alike. The department added that further details would be released in the coming weeks, and that an implementation timeline would be published once final approvals are completed. Representatives from opposing parties offered measured responses, with several requesting additional clarification before the next session.",politicsNews,"April 30, 2017"
Report: The health ministry's updated vaccination guidelines,"According to documents reviewed by reporters, the health ministry's updated vaccination guidelines is expected to proceed as scheduled following approval on December 21. The relevant authority stated that all procedural requirements had been met, and that a formal announcement would follow once remaining administrative steps were completed. Several experts interviewed for this report said the development was in line with broader trends observed over the past year, while cautioning that final figures could be subject to revision.",worldnews,"July 26, 2017"
Report: The quarterly earnings report from a major technology company,"Officials confirmed on June 3 that the quarterly earnings report from a major technology company will move forward after months of deliberation. According to a statement released by the relevant department, the decision was reached following extensive consultation with stakeholders and independent experts. Analysts say the move reflects a broader effort to address long-standing concerns raised by the public and industry groups alike. The department added that further details would be released in the coming weeks, and that an implementation timeline would be published once final approvals are completed. Representatives from opposing parties offered measured responses, with several requesting additional clarification before the next session.",politicsNews,"April 30, 2017"
Report: A new trade agreement signed between two countries,"According to documents reviewed by reporters, a new trade agreement signed between two countries is expected to proceed as scheduled following approval on May 17. The relevant authority stated that all procedural requirements had been met, and that a formal announcement would follow once remaining administrative steps were completed. Several experts interviewed for this report said the development was in line with broader trends observed over the past year, while cautioning that final figures could be subject to revision.",politicsNews,"July 26, 2017"
Report: The central election commission's certification of results,"Officials confirmed on January 14 that the central election commission's certification of results will move forward after months of deliberation. According to a statement released by the relevant department, the decision was reached following extensive consultation with stakeholders and independent experts. Analysts say the move reflects a broader effort to address long-standing concerns raised by the public and industry groups alike. The department added that further details would be released in the coming weeks, and that an implementation timeline would be published once final approvals are completed. Representatives from opposing parties offered measured responses, with several requesting additional clarification before the next session.",worldnews,"December 21, 2017"
Report: The results of the national census,"Officials confirmed on June 3 that the results of the national census will move forward after months of deliberation. According to a statement released by the relevant department, the decision was reached following extensive consultation with stakeholders and independent experts. Analysts say the move reflects a broader effort to address long-standing concerns raised by the public and industry groups alike. The department added that further details would be released in the coming weeks, and that an implementation timeline would be published once final approvals are completed. Representatives from opposing parties offered measured responses, with several requesting additional clarification before the next session.",worldnews,"April 30, 2017"
Report: The parliamentary vote on the proposed infrastructure bill,"Government representatives announced on Saturday that the parliamentary vote on the proposed infrastructure bill had been finalized after a series of negotiations that spanned several weeks. In a joint press briefing, officials outlined the next steps and answered questions from journalists regarding implementation and oversight. Independent observers noted that the process had followed standard procedural guidelines, and several policy analysts said the outcome was consistent with expectations based on prior public statements.",politicsNews,"October 18, 2017"
Report: The supreme court's ruling on a long-running constitutional case,"Officials confirmed on October 18 that the supreme court's ruling on a long-running constitutional case will move forward after months of deliberation. According to a statement released by the relevant department, the decision was reached following extensive consultation with stakeholders and independent experts. Analysts say the move reflects a broader effort to address long-standing concerns raised by the public and industry groups alike. The department added that further details would be released in the coming weeks, and that an implementation timeline would be published once final approvals are completed. Representatives from opposing parties offered measured responses, with several requesting additional clarification before the next session.",businessNews,"Sunday, 2017"
Report: A report from the national weather service regarding the storm system,"Government representatives announced on May 17 that a report from the national weather service regarding the storm system had been finalized after a series of negotiations that spanned several weeks. In a joint press briefing, officials outlined the next steps and answered questions from journalists regarding implementation and oversight. Independent observers noted that the process had followed standard procedural guidelines, and several policy analysts said the outcome was consistent with expectations based on prior public statements.",businessNews,"Friday, 2017"
Report: The parliamentary vote on the proposed infrastructure bill,"Officials confirmed on Friday that the parliamentary vote on the proposed infrastructure bill will move forward after months of deliberation. According to a statement released by the relevant department, the decision was reached following extensive consultation with stakeholders and independent experts. Analysts say the move reflects a broader effort to address long-standing concerns raised by the public and industry groups alike. The department added that further details would be released in the coming weeks, and that an implementation timeline would be published once final approvals are completed. Representatives from opposing parties offered measured responses, with several requesting additional clarification before the next session.",worldnews,"Sunday, 2017"
Report: A new trade agreement signed between two countries,"A report published on Wednesday detailed the findings related to a new trade agreement signed between two countries, noting that the data had been reviewed by multiple independent analysts prior to release. The report's authors emphasized that the conclusions were based on verified figures collected over several months, and cautioned against drawing premature conclusions without considering the full context of the underlying data. Spokespersons for several agencies confirmed the accuracy of the figures in separate statements to reporters, and said they welcomed continued scrutiny of the methodology used.",politicsNews,"September 5, 2017"
Report: A newly published peer-reviewed study on climate trends,"According to documents reviewed by reporters, a newly published peer-reviewed study on climate trends is expected to proceed as scheduled following approval on December 21. The relevant authority stated that all procedural requirements had been met, and that a formal announcement would follow once remaining administrative steps were completed. Several experts interviewed for this report said the development was in line with broader trends observed over the past year, while cautioning that final figures could be subject to revision.",businessNews,"April 30, 2017"
Report: The central election commission's certification of results,"Government representatives announced on Friday that the central election commission's certification of results had been finalized after a series of negotiations that spanned several weeks. In a joint press briefing, officials outlined the next steps and answered questions from journalists regarding implementation and oversight. Independent observers noted that the process had followed standard procedural guidelines, and several policy analysts said the outcome was consistent with expectations based on prior public statements.",worldnews,"Wednesday, 2017"
Report: A newly published peer-reviewed study on climate trends,"According to documents reviewed by reporters, a newly published peer-reviewed study on climate trends is expected to proceed as scheduled following approval on March 9. The relevant authority stated that all procedural requirements had been met, and that a formal announcement would follow once remaining administrative steps were completed. Several experts interviewed for this report said the development was in line with broader trends observed over the past year, while cautioning that final figures could be subject to revision.",worldnews,"December 21, 2017"
Report: The central bank's interest rate decision,"Government representatives announced on October 18 that the central bank's interest rate decision had been finalized after a series of negotiations that spanned several weeks. In a joint press briefing, officials outlined the next steps and answered questions from journalists regarding implementation and oversight. Independent observers noted that the process had followed standard procedural guidelines, and several policy analysts said the outcome was consistent with expectations based on prior public statements.",politicsNews,"March 9, 2017"
Report: A newly published peer-reviewed study on climate trends,"According to documents reviewed by reporters, a newly published peer-reviewed study on climate trends is expected to proceed as scheduled following approval on Tuesday. The relevant authority stated that all procedural requirements had been met, and that a formal announcement would follow once remaining administrative steps were completed. Several experts interviewed for this report said the development was in line with broader trends observed over the past year, while cautioning that final figures could be subject to revision.",politicsNews,"May 17, 2017"
Report: The central election commission's certification of results,"Government representatives announced on Wednesday that the central election commission's certification of results had been finalized after a series of negotiations that spanned several weeks. In a joint press briefing, officials outlined the next steps and answered questions from journalists regarding implementation and oversight. Independent observers noted that the process had followed standard procedural guidelines, and several policy analysts said the outcome was consistent with expectations based on prior public statements.",businessNews,"Wednesday, 2017"
Report: The health ministry's updated vaccination guidelines,"According to documents reviewed by reporters, the health ministry's updated vaccination guidelines is expected to proceed as scheduled following approval on August 11. The relevant authority stated that all procedural requirements had been met, and that a formal announcement would follow once remaining administrative steps were completed. Several experts interviewed for this report said the development was in line with broader trends observed over the past year, while cautioning that final figures could be subject to revision.",businessNews,"November 2, 2017"
Report: A joint statement issued after the regional summit,"Officials confirmed on August 11 that a joint statement issued after the regional summit will move forward after months of deliberation. According to a statement released by the relevant department, the decision was reached following extensive consultation with stakeholders and independent experts. Analysts say the move reflects a broader effort to address long-standing concerns raised by the public and industry groups alike. The department added that further details would be released in the coming weeks, and that an implementation timeline would be published once final approvals are completed. Representatives from opposing parties offered measured responses, with several requesting additional clarification before the next session.",businessNews,"Sunday, 2017"
Report: Ongoing diplomatic talks aimed at easing regional tensions,"According to documents reviewed by reporters, ongoing diplomatic talks aimed at easing regional tensions is expected to proceed as scheduled following approval on October 18. The relevant authority stated that all procedural requirements had been met, and that a formal announcement would follow once remaining administrative steps were completed. Several experts interviewed for this report said the development was in line with broader trends observed over the past year, while cautioning that final figures could be subject to revision.",politicsNews,"Tuesday, 2017"
Report: A newly published peer-reviewed study on climate trends,"Officials confirmed on April 30 that a newly published peer-reviewed study on climate trends will move forward after months of deliberation. According to a statement released by the relevant department, the decision was reached following extensive consultation with stakeholders and independent experts. Analysts say the move reflects a broader effort to address long-standing concerns raised by the public and industry groups alike. The department added that further details would be released in the coming weeks, and that an implementation timeline would be published once final approvals are completed. Representatives from opposing parties offered measured responses, with several requesting additional clarification before the next session.",businessNews,"Wednesday, 2017"
Report: The city council's approval of a new public transit expansion,"A report published on Tuesday detailed the findings related to the city council's approval of a new public transit expansion, noting that the data had been reviewed by multiple independent analysts prior to release. The report's authors emphasized that the conclusions were based on verified figures collected over several months, and cautioned against drawing premature conclusions without considering the full context of the underlying data. Spokespersons for several agencies confirmed the accuracy of the figures in separate statements to reporters, and said they welcomed continued scrutiny of the methodology used.",politicsNews,"August 11, 2017"
Report: A newly published peer-reviewed study on climate trends,"A report published on May 17 detailed the findings related to a newly published peer-reviewed study on climate trends, noting that the data had been reviewed by multiple independent analysts prior to release. The report's authors emphasized that the conclusions were based on verified figures collected over several months, and cautioned against drawing premature conclusions without considering the full context of the underlying data. Spokespersons for several agencies confirmed the accuracy of the figures in separate statements to reporters, and said they welcomed continued scrutiny of the methodology used.",worldnews,"March 9, 2017"
Report: The results of the national census,"According to documents reviewed by reporters, the results of the national census is expected to proceed as scheduled following approval on April 30. The relevant authority stated that all procedural requirements had been met, and that a formal announcement would follow once remaining administrative steps were completed. Several experts interviewed for this report said the development was in line with broader trends observed over the past year, while cautioning that final figures could be subject to revision.",businessNews,"Tuesday, 2017"
Report: A joint statement issued after the regional summit,"Government representatives announced on Wednesday that a joint statement issued after the regional summit had been finalized after a series of negotiations that spanned several weeks. In a joint press briefing, officials outlined the next steps and answered questions from journalists regarding implementation and oversight. Independent observers noted that the process had followed standard procedural guidelines, and several policy analysts said the outcome was consistent with expectations based on prior public statements.",worldnews,"Thursday, 2017"
Report: The city council's approval of a new public transit expansion,"According to documents reviewed by reporters, the city council's approval of a new public transit expansion is expected to proceed as scheduled following approval on March 9. The relevant authority stated that all procedural requirements had been met, and that a formal announcement would follow once remaining administrative steps were completed. Several experts interviewed for this report said the development was in line with broader trends observed over the past year, while cautioning that final figures could be subject to revision.",worldnews,"Friday, 2017"
Report: Ongoing diplomatic talks aimed at easing regional tensions,"Officials confirmed on December 21 that ongoing diplomatic talks aimed at easing regional tensions will move forward after months of deliberation. According to a statement released by the relevant department, the decision was reached following extensive consultation with stakeholders and independent experts. Analysts say the move reflects a broader effort to address long-standing concerns raised by the public and industry groups alike. The department added that further details would be released in the coming weeks, and that an implementation timeline would be published once final approvals are completed. Representatives from opposing parties offered measured responses, with several requesting additional clarification before the next session.",businessNews,"Friday, 2017"
Report: A report from the national weather service regarding the storm system,"Government representatives announced on March 9 that a report from the national weather service regarding the storm system had been finalized after a series of negotiations that spanned several weeks. In a joint press briefing, officials outlined the next steps and answered questions from journalists regarding implementation and oversight. Independent observers noted that the process had followed standard procedural guidelines, and several policy analysts said the outcome was consistent with expectations based on prior public statements.",businessNews,"June 3, 2017"
Report: A new trade agreement signed between two countries,"Officials confirmed on March 9 that a new trade agreement signed between two countries will move forward after months of deliberation. According to a statement released by the relevant department, the decision was reached following extensive consultation with stakeholders and independent experts. Analysts say the move reflects a broader effort to address long-standing concerns raised by the public and industry groups alike. The department added that further details would be released in the coming weeks, and that an implementation timeline would be published once final approvals are completed. Representatives from opposing parties offered measured responses, with several requesting additional clarification before the next session.",businessNews,"June 3, 2017"
Report: The supreme court's ruling on a long-running constitutional case,"Government representatives announced on Friday that the supreme court's ruling on a long-running constitutional case had been finalized after a series of negotiations that spanned several weeks. In a joint press briefing, officials outlined the next steps and answered questions from journalists regarding implementation and oversight. Independent observers noted that the process had followed standard procedural guidelines, and several policy analysts said the outcome was consistent with expectations based on prior public statements.",businessNews,"October 18, 2017"
Report: The latest unemployment figures released by the labor department,"According to documents reviewed by reporters, the latest unemployment figures released by the labor department is expected to proceed as scheduled following approval on October 18. The relevant authority stated that all procedural requirements had been met, and that a formal announcement would follow once remaining administrative steps were completed. Several experts interviewed for this report said the development was in line with broader trends observed over the past year, while cautioning that final figures could be subject to revision.",worldnews,"Monday, 2017"
Report: Ongoing diplomatic talks aimed at easing regional tensions,"Government representatives announced on Saturday that ongoing diplomatic talks aimed at easing regional tensions had been finalized after a series of negotiations that spanned several weeks. In a joint press briefing, officials outlined the next steps and answered questions from journalists regarding implementation and oversight. Independent observers noted that the process had followed standard procedural guidelines, and several policy analysts said the outcome was consistent with expectations based on prior public statements.",politicsNews,"April 30, 2017"
Report: A joint statement issued after the regional summit,"According to documents reviewed by reporters, a joint statement issued after the regional summit is expected to proceed as scheduled following approval on Sunday. The relevant authority stated that all procedural requirements had been met, and that a formal announcement would follow once remaining administrative steps were completed. Several experts interviewed for this report said the development was in line with broader trends observed over the past year, while cautioning that final figures could be subject to revision.",politicsNews,"Friday, 2017"
Report: A new trade agreement signed between two countries,"Officials confirmed on March 9 that a new trade agreement signed between two countries will move forward after months of deliberation. According to a statement released by the relevant department, the decision was reached following extensive consultation with stakeholders and independent experts. Analysts say the move reflects a broader effort to address long-standing concerns raised by the public and industry groups alike. The department added that further details would be released in the coming weeks, and that an implementation timeline would be published once final approvals are completed. Representatives from opposing parties offered measured responses, with several requesting additional clarification before the next session.",politicsNews,"October 18, 2017"
Report: A joint statement issued after the regional summit,"Officials confirmed on April 30 that a joint statement issued after the regional summit will move forward after months of deliberation. According to a statement released by the relevant department, the decision was reached following extensive consultation with stakeholders and independent experts. Analysts say the move reflects a broader effort to address long-standing concerns raised by the public and industry groups alike. The department added that further details would be released in the coming weeks, and that an implementation timeline would be published once final approvals are completed. Representatives from opposing parties offered measured responses, with several requesting additional clarification before the next session.",businessNews,"Friday, 2017"
Report: The health ministry's updated vaccination guidelines,"According to documents reviewed by reporters, the health ministry's updated vaccination guidelines is expected to proceed as scheduled following approval on Friday. The relevant authority stated that all procedural requirements had been met, and that a formal announcement would follow once remaining administrative steps were completed. Several experts interviewed for this report said the development was in line with broader trends observed over the past year, while cautioning that final figures could be subject to revision.",politicsNews,"Saturday, 2017"
Report: The central election commission's certification of results,"A report published on August 11 detailed the findings related to the central election commission's certification of results, noting that the data had been reviewed by multiple independent analysts prior to release. The report's authors emphasized that the conclusions were based on verified figures collected over several months, and cautioned against drawing premature conclusions without considering the full context of the underlying data. Spokespersons for several agencies confirmed the accuracy of the figures in separate statements to reporters, and said they welcomed continued scrutiny of the methodology used.",politicsNews,"July 26, 2017"
Report: Ongoing diplomatic talks aimed at easing regional tensions,"A report published on August 11 detailed the findings related to ongoing diplomatic talks aimed at easing regional tensions, noting that the data had been reviewed by multiple independent analysts prior to release. The report's authors emphasized that the conclusions were based on verified figures collected over several months, and cautioned against drawing premature conclusions without considering the full context of the underlying data. Spokespersons for several agencies confirmed the accuracy of the figures in separate statements to reporters, and said they welcomed continued scrutiny of the methodology used.",businessNews,"March 9, 2017"
Report: A joint statement issued after the regional summit,"According to documents reviewed by reporters, a joint statement issued after the regional summit is expected to proceed as scheduled following approval on January 14. The relevant authority stated that all procedural requirements had been met, and that a formal announcement would follow once remaining administrative steps were completed. Several experts interviewed for this report said the development was in line with broader trends observed over the past year, while cautioning that final figures could be subject to revision.",businessNews,"January 14, 2017"
Report: The quarterly earnings report from a major technology company,"According to documents reviewed by reporters, the quarterly earnings report from a major technology company is expected to proceed as scheduled following approval on Sunday. The relevant authority stated that all procedural requirements had been met, and that a formal announcement would follow once remaining administrative steps were completed. Several experts interviewed for this report said the development was in line with broader trends observed over the past year, while cautioning that final figures could be subject to revision.",worldnews,"December 21, 2017"
Report: A newly published peer-reviewed study on climate trends,"According to documents reviewed by reporters, a newly published peer-reviewed study on climate trends is expected to proceed as scheduled following approval on March 9. The relevant authority stated that all procedural requirements had been met, and that a formal announcement would follow once remaining administrative steps were completed. Several experts interviewed for this report said the development was in line with broader trends observed over the past year, while cautioning that final figures could be subject to revision.",worldnews,"October 18, 2017"
Report: The city council's approval of a new public transit expansion,"According to documents reviewed by reporters, the city council's approval of a new public transit expansion is expected to proceed as scheduled following approval on Saturday. The relevant authority stated that all procedural requirements had been met, and that a formal announcement would follow once remaining administrative steps were completed. Several experts interviewed for this report said the development was in line with broader trends observed over the past year, while cautioning that final figures could be subject to revision.",politicsNews,"Friday, 2017"
Report: The central election commission's certification of results,"Government representatives announced on Tuesday that the central election commission's certification of results had been finalized after a series of negotiations that spanned several weeks. In a joint press briefing, officials outlined the next steps and answered questions from journalists regarding implementation and oversight. Independent observers noted that the process had followed standard procedural guidelines, and several policy analysts said the outcome was consistent with expectations based on prior public statements.",businessNews,"September 5, 2017"
Report: The central election commission's certification of results,"Government representatives announced on November 2 that the central election commission's certification of results had been finalized after a series of negotiations that spanned several weeks. In a joint press briefing, officials outlined the next steps and answered questions from journalists regarding implementation and oversight. Independent observers noted that the process had followed standard procedural guidelines, and several policy analysts said the outcome was consistent with expectations based on prior public statements.",politicsNews,"October 18, 2017"
Report: The central election commission's certification of results,"Officials confirmed on March 9 that the central election commission's certification of results will move forward after months of deliberation. According to a statement released by the relevant department, the decision was reached following extensive consultation with stakeholders and independent experts. Analysts say the move reflects a broader effort to address long-standing concerns raised by the public and industry groups alike. The department added that further details would be released in the coming weeks, and that an implementation timeline would be published once final approvals are completed. Representatives from opposing parties offered measured responses, with several requesting additional clarification before the next session.",politicsNews,"Saturday, 2017"
Report: The quarterly earnings report from a major technology company,"According to documents reviewed by reporters, the quarterly earnings report from a major technology company is expected to proceed as scheduled following approval on October 18. The relevant authority stated that all procedural requirements had been met, and that a formal announcement would follow once remaining administrative steps were completed. Several experts interviewed for this report said the development was in line with broader trends observed over the past year, while cautioning that final figures could be subject to revision.",politicsNews,"July 26, 2017"
Report: The latest unemployment figures released by the labor department,"A report published on August 11 detailed the findings related to the latest unemployment figures released by the labor department, noting that the data had been reviewed by multiple independent analysts prior to release. The report's authors emphasized that the conclusions were based on verified figures collected over several months, and cautioned against drawing premature conclusions without considering the full context of the underlying data. Spokespersons for several agencies confirmed the accuracy of the figures in separate statements to reporters, and said they welcomed continued scrutiny of the methodology used.",worldnews,"Monday, 2017"
Report: The results of the national census,"Officials confirmed on June 3 that the results of the national census will move forward after months of deliberation. According to a statement released by the relevant department, the decision was reached following extensive consultation with stakeholders and independent experts. Analysts say the move reflects a broader effort to address long-standing concerns raised by the public and industry groups alike. The department added that further details would be released in the coming weeks, and that an implementation timeline would be published once final approvals are completed. Representatives from opposing parties offered measured responses, with several requesting additional clarification before the next session.",businessNews,"May 17, 2017"
Report: The parliamentary vote on the proposed infrastructure bill,"According to documents reviewed by reporters, the parliamentary vote on the proposed infrastructure bill is expected to proceed as scheduled following approval on Wednesday. The relevant authority stated that all procedural requirements had been met, and that a formal announcement would follow once remaining administrative steps were completed. Several experts interviewed for this report said the development was in line with broader trends observed over the past year, while cautioning that final figures could be subject to revision.",worldnews,"January 14, 2017"
Report: The central bank's interest rate decision,"Government representatives announced on Thursday that the central bank's interest rate decision had been finalized after a series of negotiations that spanned several weeks. In a joint press briefing, officials outlined the next steps and answered questions from journalists regarding implementation and oversight. Independent observers noted that the process had followed standard procedural guidelines, and several policy analysts said the outcome was consistent with expectations based on prior public statements.",businessNews,"April 30, 2017"
Report: A joint statement issued after the regional summit,"A report published on Friday detailed the findings related to a joint statement issued after the regional summit, noting that the data had been reviewed by multiple independent analysts prior to release. The report's authors emphasized that the conclusions were based on verified figures collected over several months, and cautioned against drawing premature conclusions without considering the full context of the underlying data. Spokespersons for several agencies confirmed the accuracy of the figures in separate statements to reporters, and said they welcomed continued scrutiny of the methodology used.",politicsNews,"March 9, 2017"
Report: A report from the national weather service regarding the storm system,"According to documents reviewed by reporters, a report from the national weather service regarding the storm system is expected to proceed as scheduled following approval on Friday. The relevant authority stated that all procedural requirements had been met, and that a formal announcement would follow once remaining administrative steps were completed. Several experts interviewed for this report said the development was in line with broader trends observed over the past year, while cautioning that final figures could be subject to revision.",businessNews,"September 5, 2017"
Report: A newly published peer-reviewed study on climate trends,"Officials confirmed on Wednesday that a newly published peer-reviewed study on climate trends will move forward after months of deliberation. According to a statement released by the relevant department, the decision was reached following extensive consultation with stakeholders and independent experts. Analysts say the move reflects a broader effort to address long-standing concerns raised by the public and industry groups alike. The department added that further details would be released in the coming weeks, and that an implementation timeline would be published once final approvals are completed. Representatives from opposing parties offered measured responses, with several requesting additional clarification before the next session.",politicsNews,"February 22, 2017"
Report: The parliamentary vote on the proposed infrastructure bill,"A report published on November 2 detailed the findings related to the parliamentary vote on the proposed infrastructure bill, noting that the data had been reviewed by multiple independent analysts prior to release. The report's authors emphasized that the conclusions were based on verified figures collected over several months, and cautioned against drawing premature conclusions without considering the full context of the underlying data. Spokespersons for several agencies confirmed the accuracy of the figures in separate statements to reporters, and said they welcomed continued scrutiny of the methodology used.",businessNews,"October 18, 2017"
Report: The results of the national census,"Officials confirmed on March 9 that the results of the national census will move forward after months of deliberation. According to a statement released by the relevant department, the decision was reached following extensive consultation with stakeholders and independent experts. Analysts say the move reflects a broader effort to address long-standing concerns raised by the public and industry groups alike. The department added that further details would be released in the coming weeks, and that an implementation timeline would be published once final approvals are completed. Representatives from opposing parties offered measured responses, with several requesting additional clarification before the next session.",politicsNews,"March 9, 2017"
Report: The latest unemployment figures released by the labor department,"Officials confirmed on January 14 that the latest unemployment figures released by the labor department will move forward after months of deliberation. According to a statement released by the relevant department, the decision was reached following extensive consultation with stakeholders and independent experts. Analysts say the move reflects a broader effort to address long-standing concerns raised by the public and industry groups alike. The department added that further details would be released in the coming weeks, and that an implementation timeline would be published once final approvals are completed. Representatives from opposing parties offered measured responses, with several requesting additional clarification before the next session.",worldnews,"August 11, 2017"
Report: The latest unemployment figures released by the labor department,"Officials confirmed on September 5 that the latest unemployment figures released by the labor department will move forward after months of deliberation. According to a statement released by the relevant department, the decision was reached following extensive consultation with stakeholders and independent experts. Analysts say the move reflects a broader effort to address long-standing concerns raised by the public and industry groups alike. The department added that further details would be released in the coming weeks, and that an implementation timeline would be published once final approvals are completed. Representatives from opposing parties offered measured responses, with several requesting additional clarification before the next session.",businessNews,"November 2, 2017"
Report: The central bank's interest rate decision,"A report published on Friday detailed the findings related to the central bank's interest rate decision, noting that the data had been reviewed by multiple independent analysts prior to release. The report's authors emphasized that the conclusions were based on verified figures collected over several months, and cautioned against drawing premature conclusions without considering the full context of the underlying data. Spokespersons for several agencies confirmed the accuracy of the figures in separate statements to reporters, and said they welcomed continued scrutiny of the methodology used.",worldnews,"July 26, 2017"
Report: The central bank's interest rate decision,"Government representatives announced on January 14 that the central bank's interest rate decision had been finalized after a series of negotiations that spanned several weeks. In a joint press briefing, officials outlined the next steps and answered questions from journalists regarding implementation and oversight. Independent observers noted that the process had followed standard procedural guidelines, and several policy analysts said the outcome was consistent with expectations based on prior public statements.",businessNews,"July 26, 2017"
Report: A new trade agreement signed between two countries,"Officials confirmed on October 18 that a new trade agreement signed between two countries will move forward after months of deliberation. According to a statement released by the relevant department, the decision was reached following extensive consultation with stakeholders and independent experts. Analysts say the move reflects a broader effort to address long-standing concerns raised by the public and industry groups alike. The department added that further details would be released in the coming weeks, and that an implementation timeline would be published once final approvals are completed. Representatives from opposing parties offered measured responses, with several requesting additional clarification before the next session.",worldnews,"Wednesday, 2017"
Report: The city council's approval of a new public transit expansion,"Officials confirmed on June 3 that the city council's approval of a new public transit expansion will move forward after months of deliberation. According to a statement released by the relevant department, the decision was reached following extensive consultation with stakeholders and independent experts. Analysts say the move reflects a broader effort to address long-standing concerns raised by the public and industry groups alike. The department added that further details would be released in the coming weeks, and that an implementation timeline would be published once final approvals are completed. Representatives from opposing parties offered measured responses, with several requesting additional clarification before the next session.",worldnews,"Tuesday, 2017"
Report: The supreme court's ruling on a long-running constitutional case,"According to documents reviewed by reporters, the supreme court's ruling on a long-running constitutional case is expected to proceed as scheduled following approval on May 17. The relevant authority stated that all procedural requirements had been met, and that a formal announcement would follow once remaining administrative steps were completed. Several experts interviewed for this report said the development was in line with broader trends observed over the past year, while cautioning that final figures could be subject to revision.",worldnews,"Monday, 2017"
Report: Ongoing diplomatic talks aimed at easing regional tensions,"Officials confirmed on May 17 that ongoing diplomatic talks aimed at easing regional tensions will move forward after months of deliberation. According to a statement released by the relevant department, the decision was reached following extensive consultation with stakeholders and independent experts. Analysts say the move reflects a broader effort to address long-standing concerns raised by the public and industry groups alike. The department added that further details would be released in the coming weeks, and that an implementation timeline would be published once final approvals are completed. Representatives from opposing parties offered measured responses, with several requesting additional clarification before the next session.",politicsNews,"Thursday, 2017"
Report: A joint statement issued after the regional summit,"Government representatives announced on Friday that a joint statement issued after the regional summit had been finalized after a series of negotiations that spanned several weeks. In a joint press briefing, officials outlined the next steps and answered questions from journalists regarding implementation and oversight. Independent observers noted that the process had followed standard procedural guidelines, and several policy analysts said the outcome was consistent with expectations based on prior public statements.",politicsNews,"May 17, 2017"
Report: The city council's approval of a new public transit expansion,"Government representatives announced on Saturday that the city council's approval of a new public transit expansion had been finalized after a series of negotiations that spanned several weeks. In a joint press briefing, officials outlined the next steps and answered questions from journalists regarding implementation and oversight. Independent observers noted that the process had followed standard procedural guidelines, and several policy analysts said the outcome was consistent with expectations based on prior public statements.",businessNews,"August 11, 2017"
Report: The finance minister's budget announcement for the upcoming fiscal year,"According to documents reviewed by reporters, the finance minister's budget announcement for the upcoming fiscal year is expected to proceed as scheduled following approval on Saturday. The relevant authority stated that all procedural requirements had been met, and that a formal announcement would follow once remaining administrative steps were completed. Several experts interviewed for this report said the development was in line with broader trends observed over the past year, while cautioning that final figures could be subject to revision.",politicsNews,"Wednesday, 2017"
Report: The finance minister's budget announcement for the upcoming fiscal year,"According to documents reviewed by reporters, the finance minister's budget announcement for the upcoming fiscal year is expected to proceed as scheduled following approval on Tuesday. The relevant authority stated that all procedural requirements had been met, and that a formal announcement would follow once remaining administrative steps were completed. Several experts interviewed for this report said the development was in line with broader trends observed over the past year, while cautioning that final figures could be subject to revision.",worldnews,"Sunday, 2017"
Report: The central bank's interest rate decision,"A report published on Tuesday detailed the findings related to the central bank's interest rate decision, noting that the data had been reviewed by multiple independent analysts prior to release. The report's authors emphasized that the conclusions were based on verified figures collected over several months, and cautioned against drawing premature conclusions without considering the full context of the underlying data. Spokespersons for several agencies confirmed the accuracy of the figures in separate statements to reporters, and said they welcomed continued scrutiny of the methodology used.",worldnews,"March 9, 2017"
Report: The city council's approval of a new public transit expansion,"According to documents reviewed by reporters, the city council's approval of a new public transit expansion is expected to proceed as scheduled following approval on November 2. The relevant authority stated that all procedural requirements had been met, and that a formal announcement would follow once remaining administrative steps were completed. Several experts interviewed for this report said the development was in line with broader trends observed over the past year, while cautioning that final figures could be subject to revision.",worldnews,"February 22, 2017"
Report: The central bank's interest rate decision,"A report published on March 9 detailed the findings related to the central bank's interest rate decision, noting that the data had been reviewed by multiple independent analysts prior to release. The report's authors emphasized that the conclusions were based on verified figures collected over several months, and cautioned against drawing premature conclusions without considering the full context of the underlying data. Spokespersons for several agencies confirmed the accuracy of the figures in separate statements to reporters, and said they welcomed continued scrutiny of the methodology used.",worldnews,"Tuesday, 2017"
Report: The central election commission's certification of results,"Government representatives announced on February 22 that the central election commission's certification of results had been finalized after a series of negotiations that spanned several weeks. In a joint press briefing, officials outlined the next steps and answered questions from journalists regarding implementation and oversight. Independent observers noted that the process had followed standard procedural guidelines, and several policy analysts said the outcome was consistent with expectations based on prior public statements.",politicsNews,"May 17, 2017"
Report: The results of the national census,"According to documents reviewed by reporters, the results of the national census is expected to proceed as scheduled following approval on August 11. The relevant authority stated that all procedural requirements had been met, and that a formal announcement would follow once remaining administrative steps were completed. Several experts interviewed for this report said the development was in line with broader trends observed over the past year, while cautioning that final figures could be subject to revision.",worldnews,"April 30, 2017"
Report: A new trade agreement signed between two countries,"According to documents reviewed by reporters, a new trade agreement signed between two countries is expected to proceed as scheduled following approval on September 5. The relevant authority stated that all procedural requirements had been met, and that a formal announcement would follow once remaining administrative steps were completed. Several experts interviewed for this report said the development was in line with broader trends observed over the past year, while cautioning that final figures could be subject to revision.",worldnews,"October 18, 2017"
Report: The quarterly earnings report from a major technology company,"Officials confirmed on July 26 that the quarterly earnings report from a major technology company will move forward after months of deliberation. According to a statement released by the relevant department, the decision was reached following extensive consultation with stakeholders and independent experts. Analysts say the move reflects a broader effort to address long-standing concerns raised by the public and industry groups alike. The department added that further details would be released in the coming weeks, and that an implementation timeline would be published once final approvals are completed. Representatives from opposing parties offered measured responses, with several requesting additional clarification before the next session.",politicsNews,"July 26, 2017"
Report: The health ministry's updated vaccination guidelines,"A report published on November 2 detailed the findings related to the health ministry's updated vaccination guidelines, noting that the data had been reviewed by multiple independent analysts prior to release. The report's authors emphasized that the conclusions were based on verified figures collected over several months, and cautioned against drawing premature conclusions without considering the full context of the underlying data. Spokespersons for several agencies confirmed the accuracy of the figures in separate statements to reporters, and said they welcomed continued scrutiny of the methodology used.",worldnews,"April 30, 2017"
Report: The latest unemployment figures released by the labor department,"Officials confirmed on April 30 that the latest unemployment figures released by the labor department will move forward after months of deliberation. According to a statement released by the relevant department, the decision was reached following extensive consultation with stakeholders and independent experts. Analysts say the move reflects a broader effort to address long-standing concerns raised by the public and industry groups alike. The department added that further details would be released in the coming weeks, and that an implementation timeline would be published once final approvals are completed. Representatives from opposing parties offered measured responses, with several requesting additional clarification before the next session.",businessNews,"March 9, 2017"
Report: The quarterly earnings report from a major technology company,"According to documents reviewed by reporters, the quarterly earnings report from a major technology company is expected to proceed as scheduled following approval on July 26. The relevant authority stated that all procedural requirements had been met, and that a formal announcement would follow once remaining administrative steps were completed. Several experts interviewed for this report said the development was in line with broader trends observed over the past year, while cautioning that final figures could be subject to revision.",politicsNews,"August 11, 2017"
Report: Ongoing diplomatic talks aimed at easing regional tensions,"According to documents reviewed by reporters, ongoing diplomatic talks aimed at easing regional tensions is expected to proceed as scheduled following approval on Tuesday. The relevant authority stated that all procedural requirements had been met, and that a formal announcement would follow once remaining administrative steps were completed. Several experts interviewed for this report said the development was in line with broader trends observed over the past year, while cautioning that final figures could be subject to revision.",businessNews,"May 17, 2017"
Report: The health ministry's updated vaccination guidelines,"According to documents reviewed by reporters, the health ministry's updated vaccination guidelines is expected to proceed as scheduled following approval on February 22. The relevant authority stated that all procedural requirements had been met, and that a formal announcement would follow once remaining administrative steps were completed. Several experts interviewed for this report said the development was in line with broader trends observed over the past year, while cautioning that final figures could be subject to revision.",businessNews,"Tuesday, 2017"
Report: The latest unemployment figures released by the labor department,"According to documents reviewed by reporters, the latest unemployment figures released by the labor department is expected to proceed as scheduled following approval on May 17. The relevant authority stated that all procedural requirements had been met, and that a formal announcement would follow once remaining administrative steps were completed. Several experts interviewed for this report said the development was in line with broader trends observed over the past year, while cautioning that final figures could be subject to revision.",businessNews,"Saturday, 2017"
Report: The central bank's interest rate decision,"A report published on August 11 detailed the findings related to the central bank's interest rate decision, noting that the data had been reviewed by multiple independent analysts prior to release. The report's authors emphasized that the conclusions were based on verified figures collected over several months, and cautioned against drawing premature conclusions without considering the full context of the underlying data. Spokespersons for several agencies confirmed the accuracy of the figures in separate statements to reporters, and said they welcomed continued scrutiny of the methodology used.",politicsNews,"Friday, 2017"
Report: The latest unemployment figures released by the labor department,"A report published on May 17 detailed the findings related to the latest unemployment figures released by the labor department, noting that the data had been reviewed by multiple independent analysts prior to release. The report's authors emphasized that the conclusions were based on verified figures collected over several months, and cautioned against drawing premature conclusions without considering the full context of the underlying data. Spokespersons for several agencies confirmed the accuracy of the figures in separate statements to reporters, and said they welcomed continued scrutiny of the methodology used.",worldnews,"June 3, 2017"
Report: The health ministry's updated vaccination guidelines,"Officials confirmed on Friday that the health ministry's updated vaccination guidelines will move forward after months of deliberation. According to a statement released by the relevant department, the decision was reached following extensive consultation with stakeholders and independent experts. Analysts say the move reflects a broader effort to address long-standing concerns raised by the public and industry groups alike. The department added that further details would be released in the coming weeks, and that an implementation timeline would be published once final approvals are completed. Representatives from opposing parties offered measured responses, with several requesting additional clarification before the next session.",businessNews,"August 11, 2017"
Report: Ongoing diplomatic talks aimed at easing regional tensions,"Government representatives announced on August 11 that ongoing diplomatic talks aimed at easing regional tensions had been finalized after a series of negotiations that spanned several weeks. In a joint press briefing, officials outlined the next steps and answered questions from journalists regarding implementation and oversight. Independent observers noted that the process had followed standard procedural guidelines, and several policy analysts said the outcome was consistent with expectations based on prior public statements.",politicsNews,"December 21, 2017"
Report: A new trade agreement signed between two countries,"Government representatives announced on June 3 that a new trade agreement signed between two countries had been finalized after a series of negotiations that spanned several weeks. In a joint press briefing, officials outlined the next steps and answered questions from journalists regarding implementation and oversight. Independent observers noted that the process had followed standard procedural guidelines, and several policy analysts said the outcome was consistent with expectations based on prior public statements.",worldnews,"February 22, 2017"
Report: The parliamentary vote on the proposed infrastructure bill,"Officials confirmed on Monday that the parliamentary vote on the proposed infrastructure bill will move forward after months of deliberation. According to a statement released by the relevant department, the decision was reached following extensive consultation with stakeholders and independent experts. Analysts say the move reflects a broader effort to address long-standing concerns raised by the public and industry groups alike. The department added that further details would be released in the coming weeks, and that an implementation timeline would be published once final approvals are completed. Representatives from opposing parties offered measured responses, with several requesting additional clarification before the next session.",businessNews,"Saturday, 2017"
Report: A newly published peer-reviewed study on climate trends,"According to documents reviewed by reporters, a newly published peer-reviewed study on climate trends is expected to proceed as scheduled following approval on November 2. The relevant authority stated that all procedural requirements had been met, and that a formal announcement would follow once remaining administrative steps were completed. Several experts interviewed for this report said the development was in line with broader trends observed over the past year, while cautioning that final figures could be subject to revision.",politicsNews,"February 22, 2017"
Report: A joint statement issued after the regional summit,"Government representatives announced on August 11 that a joint statement issued after the regional summit had been finalized after a series of negotiations that spanned several weeks. In a joint press briefing, officials outlined the next steps and answered questions from journalists regarding implementation and oversight. Independent observers noted that the process had followed standard procedural guidelines, and several policy analysts said the outcome was consistent with expectations based on prior public statements.",politicsNews,"March 9, 2017"
Report: The finance minister's budget announcement for the upcoming fiscal year,"According to documents reviewed by reporters, the finance minister's budget announcement for the upcoming fiscal year is expected to proceed as scheduled following approval on Sunday. The relevant authority stated that all procedural requirements had been met, and that a formal announcement would follow once remaining administrative steps were completed. Several experts interviewed for this report said the development was in line with broader trends observed over the past year, while cautioning that final figures could be subject to revision.",politicsNews,"Friday, 2017"
Report: The central election commission's certification of results,"Officials confirmed on August 11 that the central election commission's certification of results will move forward after months of deliberation. According to a statement released by the relevant department, the decision was reached following extensive consultation with stakeholders and independent experts. Analysts say the move reflects a broader effort to address long-standing concerns raised by the public and industry groups alike. The department added that further details would be released in the coming weeks, and that an implementation timeline would be published once final approvals are completed. Representatives from opposing parties offered measured responses, with several requesting additional clarification before the next session.",politicsNews,"August 11, 2017"
Report: The latest unemployment figures released by the labor department,"Government representatives announced on May 17 that the latest unemployment figures released by the labor department had been finalized after a series of negotiations that spanned several weeks. In a joint press briefing, officials outlined the next steps and answered questions from journalists regarding implementation and oversight. Independent observers noted that the process had followed standard procedural guidelines, and several policy analysts said the outcome was consistent with expectations based on prior public statements.",businessNews,"Wednesday, 2017"
Report: The city council's approval of a new public transit expansion,"Government representatives announced on March 9 that the city council's approval of a new public transit expansion had been finalized after a series of negotiations that spanned several weeks. In a joint press briefing, officials outlined the next steps and answered questions from journalists regarding implementation and oversight. Independent observers noted that the process had followed standard procedural guidelines, and several policy analysts said the outcome was consistent with expectations based on prior public statements.",politicsNews,"Saturday, 2017"
Report: A joint statement issued after the regional summit,"Government representatives announced on October 18 that a joint statement issued after the regional summit had been finalized after a series of negotiations that spanned several weeks. In a joint press briefing, officials outlined the next steps and answered questions from journalists regarding implementation and oversight. Independent observers noted that the process had followed standard procedural guidelines, and several policy analysts said the outcome was consistent with expectations based on prior public statements.",politicsNews,"Thursday, 2017"
Report: The parliamentary vote on the proposed infrastructure bill,"A report published on January 14 detailed the findings related to the parliamentary vote on the proposed infrastructure bill, noting that the data had been reviewed by multiple independent analysts prior to release. The report's authors emphasized that the conclusions were based on verified figures collected over several months, and cautioned against drawing premature conclusions without considering the full context of the underlying data. Spokespersons for several agencies confirmed the accuracy of the figures in separate statements to reporters, and said they welcomed continued scrutiny of the methodology used.",worldnews,"Monday, 2017"
Report: Ongoing diplomatic talks aimed at easing regional tensions,"Government representatives announced on August 11 that ongoing diplomatic talks aimed at easing regional tensions had been finalized after a series of negotiations that spanned several weeks. In a joint press briefing, officials outlined the next steps and answered questions from journalists regarding implementation and oversight. Independent observers noted that the process had followed standard procedural guidelines, and several policy analysts said the outcome was consistent with expectations based on prior public statements.",businessNews,"Friday, 2017"
Report: The health ministry's updated vaccination guidelines,"Officials confirmed on Wednesday that the health ministry's updated vaccination guidelines will move forward after months of deliberation. According to a statement released by the relevant department, the decision was reached following extensive consultation with stakeholders and independent experts. Analysts say the move reflects a broader effort to address long-standing concerns raised by the public and industry groups alike. The department added that further details would be released in the coming weeks, and that an implementation timeline would be published once final approvals are completed. Representatives from opposing parties offered measured responses, with several requesting additional clarification before the next session.",worldnews,"June 3, 2017"
Report: The finance minister's budget announcement for the upcoming fiscal year,"According to documents reviewed by reporters, the finance minister's budget announcement for the upcoming fiscal year is expected to proceed as scheduled following approval on October 18. The relevant authority stated that all procedural requirements had been met, and that a formal announcement would follow once remaining administrative steps were completed. Several experts interviewed for this report said the development was in line with broader trends observed over the past year, while cautioning that final figures could be subject to revision.",worldnews,"July 26, 2017"
Report: The central election commission's certification of results,"Officials confirmed on Friday that the central election commission's certification of results will move forward after months of deliberation. According to a statement released by the relevant department, the decision was reached following extensive consultation with stakeholders and independent experts. Analysts say the move reflects a broader effort to address long-standing concerns raised by the public and industry groups alike. The department added that further details would be released in the coming weeks, and that an implementation timeline would be published once final approvals are completed. Representatives from opposing parties offered measured responses, with several requesting additional clarification before the next session.",worldnews,"Wednesday, 2017"
Report: A newly published peer-reviewed study on climate trends,"According to documents reviewed by reporters, a newly published peer-reviewed study on climate trends is expected to proceed as scheduled following approval on October 18. The relevant authority stated that all procedural requirements had been met, and that a formal announcement would follow once remaining administrative steps were completed. Several experts interviewed for this report said the development was in line with broader trends observed over the past year, while cautioning that final figures could be subject to revision.",worldnews,"Friday, 2017"
Report: A report from the national weather service regarding the storm system,"A report published on Friday detailed the findings related to a report from the national weather service regarding the storm system, noting that the data had been reviewed by multiple independent analysts prior to release. The report's authors emphasized that the conclusions were based on verified figures collected over several months, and cautioned against drawing premature conclusions without considering the full context of the underlying data. Spokespersons for several agencies confirmed the accuracy of the figures in separate statements to reporters, and said they welcomed continued scrutiny of the methodology used.",worldnews,"October 18, 2017"
Report: A report from the national weather service regarding the storm system,"Officials confirmed on Thursday that a report from the national weather service regarding the storm system will move forward after months of deliberation. According to a statement released by the relevant department, the decision was reached following extensive consultation with stakeholders and independent experts. Analysts say the move reflects a broader effort to address long-standing concerns raised by the public and industry groups alike. The department added that further details would be released in the coming weeks, and that an implementation timeline would be published once final approvals are completed. Representatives from opposing parties offered measured responses, with several requesting additional clarification before the next session.",businessNews,"Friday, 2017"
